seedling_id,species_code,block,pot,position,sample_id,planting_notes,date_planted,date_sampled,age_days,native,exotic,biomass_weight_g,seed_weight_g,husk_number,seed_number,total_area,total_leaf_weight_g,total_SLA,fertility,exotic_species_code,total_density
361,ABAR,A,A43,1,A43-1,NA,25/09/2016,16/12/2016,82,0,1,0.0469,0.0188,2,2,NA,NA,NA,LOW,ABAR,3
362,ABAR,A,A43,2,A43-2,NA,25/09/2016,16/12/2016,82,0,1,0.1832,0.0083,14,4,NA,NA,NA,LOW,ABAR,3
363,ABAR,A,A43,3,A43-3,NA,25/09/2016,16/12/2016,82,0,1,0.1159,0.0083,8,2,NA,NA,NA,LOW,ABAR,3
364,ABAR,A,A44,1,A44-1,NA,25/09/2016,15/12/2016,81,0,1,0.5912,0.0592,32,13,NA,NA,NA,MED,ABAR,3
365,ABAR,A,A44,2,A44-2,NA,25/09/2016,15/12/2016,81,0,1,0.06639,0.076,24,11,NA,NA,NA,MED,ABAR,3
366,ABAR,A,A44,3,A44-3,NA,25/09/2016,15/12/2016,81,0,1,0.357,0.0322,18,3,NA,NA,NA,MED,ABAR,3
367,ABAR,A,A45,1,A45-1,NA,25/09/2016,16/12/2016,82,0,1,0.4011,0.1689,16,16,NA,NA,NA,HIGH,ABAR,3
368,ABAR,A,A45,2,A45-2,NA,25/09/2016,16/12/2016,82,0,1,0.4599,0.0094,30,4,NA,NA,NA,HIGH,ABAR,3
369,ABAR,A,A45,3,A45-3,NA,25/09/2016,16/12/2016,82,0,1,0.9958,0.062,58,14,NA,NA,NA,HIGH,ABAR,3
370,ABAR,A,A46,1,A46-1,NA,25/09/2016,16/12/2016,82,0,1,0.1023,0.007,4,1,NA,NA,NA,LOW,ABAR,6
371,ABAR,A,A46,2,A46-2,NA,25/09/2016,16/12/2016,82,0,1,0.1019,0.009,6,2,NA,NA,NA,LOW,ABAR,6
372,ABAR,A,A46,3,A46-3,NA,25/09/2016,16/12/2016,82,0,1,0.0583,NA,2,NA,NA,NA,NA,LOW,ABAR,6
373,ABAR,A,A46,4,A46-4,NA,25/09/2016,16/12/2016,82,0,1,0.0684,NA,4,NA,NA,NA,NA,LOW,ABAR,6
374,ABAR,A,A46,5,A46-5,NA,25/09/2016,16/12/2016,82,0,1,0.1236,0.013,4,2,4.508,0.0095,474.5263157894737,LOW,ABAR,6
375,ABAR,A,A46,6,A46-6,NA,25/09/2016,16/12/2016,82,0,1,0.0663,0.0211,6,4,NA,NA,NA,LOW,ABAR,6
376,ABAR,A,A47,1,A47-1,NA,25/09/2016,16/12/2016,82,0,1,0.2205,0.0167,12,3,NA,NA,NA,MED,ABAR,6
377,ABAR,A,A47,2,A47-2,NA,25/09/2016,16/12/2016,82,0,1,0.2241,0.0165,12,1,NA,NA,NA,MED,ABAR,6
378,ABAR,A,A47,3,A47-3,NA,25/09/2016,16/12/2016,82,0,1,0.2127,0.1489,16,14,NA,NA,NA,MED,ABAR,6
379,ABAR,A,A47,4,A47-4,NA,25/09/2016,16/12/2016,82,0,1,0.3266,0.1137,10,10,NA,NA,NA,MED,ABAR,6
380,ABAR,A,A47,5,A47-5,NA,25/09/2016,16/12/2016,82,0,1,0.1987,0.0997,10,10,5.232,0.0114,458.94736842105266,MED,ABAR,6
381,ABAR,A,A47,6,A47-6,NA,25/09/2016,16/12/2016,82,0,1,0.3375,0.0177,16,3,NA,NA,NA,MED,ABAR,6
382,ABAR,A,A48,1,A48-1,NA,25/09/2016,16/12/2016,82,0,1,0.2833,0.0175,18,3,NA,NA,NA,HIGH,ABAR,6
383,ABAR,A,A48,2,A48-2,NA,25/09/2016,16/12/2016,82,0,1,0.2623,0.0168,14,3,NA,NA,NA,HIGH,ABAR,6
384,ABAR,A,A48,3,A48-3,NA,25/09/2016,16/12/2016,82,0,1,0.4854,0.0198,28,1,NA,NA,NA,HIGH,ABAR,6
385,ABAR,A,A48,4,A48-4,NA,25/09/2016,16/12/2016,82,0,1,0.4095,0.0884,20,12,4.876,0.0135,361.1851851851852,HIGH,ABAR,6
386,ABAR,A,A48,5,A48-5,NA,25/09/2016,16/12/2016,82,0,1,0.3461,0.0355,24,3,NA,NA,NA,HIGH,ABAR,6
387,ABAR,A,A48,6,A48-6,NA,25/09/2016,16/12/2016,82,0,1,0.2601,NA,16,NA,NA,NA,NA,HIGH,ABAR,6
388,ABAR,A,A49,1,A49-1,NA,25/09/2016,16/12/2016,82,0,1,0.0505,0.0094,NA,2,NA,NA,NA,LOW,ABAR,9
389,ABAR,A,A49,2,A49-2,NA,25/09/2016,16/12/2016,82,0,1,0.0569,NA,4,NA,NA,NA,NA,LOW,ABAR,9
390,ABAR,A,A49,3,A49-3,NA,25/09/2016,16/12/2016,82,0,1,0.0285,NA,2,NA,NA,NA,NA,LOW,ABAR,9
391,ABAR,A,A49,4,A49-4,NA,25/09/2016,16/12/2016,82,0,1,0.0656,0.0141,4,1,NA,NA,NA,LOW,ABAR,9
392,ABAR,A,A49,5,A49-5,NA,25/09/2016,16/12/2016,82,0,1,0.0518,0.0118,4,2,NA,NA,NA,LOW,ABAR,9
393,ABAR,A,A49,6,A49-6,NA,25/09/2016,16/12/2016,82,0,1,0.0641,0.0028,4,2,NA,NA,NA,LOW,ABAR,9
394,ABAR,A,A49,7,A49-7,NA,25/09/2016,16/12/2016,82,0,1,0.1183,0.0106,4,2,NA,NA,NA,LOW,ABAR,9
395,ABAR,A,A49,8,A49-8,NA,25/09/2016,16/12/2016,82,0,1,0.0612,NA,2,NA,NA,NA,NA,LOW,ABAR,9
396,ABAR,A,A49,9,A49-9,NA,25/09/2016,16/12/2016,82,0,1,0.1248,0.0109,6,3,NA,NA,NA,LOW,ABAR,9
397,ABAR,A,A50,1,A50-1,NA,25/09/2016,16/12/2016,82,0,1,0.2165,0.0264,14,7,NA,NA,NA,MED,ABAR,9
398,ABAR,A,A50,2,A50-2,NA,25/09/2016,16/12/2016,82,0,1,0.1872,0.063,8,7,NA,NA,NA,MED,ABAR,9
399,ABAR,A,A50,3,A50-3,NA,25/09/2016,16/12/2016,82,0,1,0.1636,0.0206,6,2,NA,NA,NA,MED,ABAR,9
400,ABAR,A,A50,4,A50-4,NA,25/09/2016,16/12/2016,82,0,1,0.2112,0.0421,8,7,NA,NA,NA,MED,ABAR,9
401,ABAR,A,A50,5,A50-5,NA,25/09/2016,16/12/2016,82,0,1,0.1288,0.0095,6,2,NA,NA,NA,MED,ABAR,9
402,ABAR,A,A50,6,A50-6,NA,25/09/2016,16/12/2016,82,0,1,0.2688,0.0361,12,6,NA,NA,NA,MED,ABAR,9
403,ABAR,A,A50,7,A50-7,NA,25/09/2016,16/12/2016,82,0,1,0.1864,0.0719,8,6,NA,NA,NA,MED,ABAR,9
404,ABAR,A,A50,8,A50-8,NA,25/09/2016,16/12/2016,82,0,1,0.1944,0.0639,8,6,NA,NA,NA,MED,ABAR,9
405,ABAR,A,A50,9,A50-9,NA,25/09/2016,16/12/2016,82,0,1,0.1854,0.0076,8,1,NA,NA,NA,MED,ABAR,9
406,ABAR,A,A51,1,A51-1,NA,25/09/2016,16/12/2016,82,0,1,0.2255,NA,12,NA,NA,NA,NA,HIGH,ABAR,9
407,ABAR,A,A51,2,A51-2,NA,25/09/2016,16/12/2016,82,0,1,0.2056,0.0063,8,1,NA,NA,NA,HIGH,ABAR,9
408,ABAR,A,A51,3,A51-3,NA,25/09/2016,16/12/2016,82,0,1,0.4742,0.0325,22,8,NA,NA,NA,HIGH,ABAR,9
409,ABAR,A,A51,4,A51-4,NA,25/09/2016,16/12/2016,82,0,1,0.4655,0.025,22,8,NA,NA,NA,HIGH,ABAR,9
410,ABAR,A,A51,5,A51-5,NA,25/09/2016,16/12/2016,82,0,1,0.2804,0.0173,14,5,NA,NA,NA,HIGH,ABAR,9
411,ABAR,A,A51,6,A51-6,NA,25/09/2016,16/12/2016,82,0,1,0.2294,0.0202,10,1,NA,NA,NA,HIGH,ABAR,9
412,ABAR,A,A51,7,A51-7,NA,25/09/2016,16/12/2016,82,0,1,0.2065,0.019,8,1,NA,NA,NA,HIGH,ABAR,9
413,ABAR,A,A51,8,A51-8,NA,25/09/2016,16/12/2016,82,0,1,0.2668,0.0196,12,1,NA,NA,NA,HIGH,ABAR,9
414,ABAR,A,A51,9,A51-9,NA,25/09/2016,16/12/2016,82,0,1,0.3235,0.0616,18,8,NA,NA,NA,HIGH,ABAR,9
415,ABAR,A,A52,1,A52-1,NA,25/09/2016,16/12/2016,82,0,1,0.0616,0.0109,2,2,NA,NA,NA,LOW,ABAR,11
417,ABAR,A,A52,3,A52-3,NA,25/09/2016,16/12/2016,82,0,1,0.309,0.007,2,1,NA,NA,NA,LOW,ABAR,11
418,ABAR,A,A52,4,A52-4,NA,25/09/2016,16/12/2016,82,0,1,0.0487,NA,2,NA,NA,NA,NA,LOW,ABAR,11
419,ABAR,A,A52,5,A52-5,NA,25/09/2016,16/12/2016,82,0,1,0.0278,0.0128,2,1,NA,NA,NA,LOW,ABAR,11
420,ABAR,A,A52,6,A52-6,NA,25/09/2016,16/12/2016,82,0,1,0.0696,0.0058,4,1,NA,NA,NA,LOW,ABAR,11
421,ABAR,A,A52,7,A52-7,NA,25/09/2016,16/12/2016,82,0,1,0.0822,0.0065,4,1,NA,NA,NA,LOW,ABAR,11
422,ABAR,A,A52,8,A52-8,NA,25/09/2016,16/12/2016,82,0,1,0.0516,NA,2,NA,NA,NA,NA,LOW,ABAR,11
423,ABAR,A,A52,9,A52-9,NA,25/09/2016,16/12/2016,82,0,1,0.1037,0.0179,4,3,NA,NA,NA,LOW,ABAR,11
424,ABAR,A,A52,10,A52-10,NA,25/09/2016,16/12/2016,82,0,1,0.0778,0.0066,4,1,NA,NA,NA,LOW,ABAR,11
425,ABAR,A,A52,11,A52-11,NA,25/09/2016,16/12/2016,82,0,1,0.0813,0.0248,4,3,2.469,0.0053,465.84905660377353,LOW,ABAR,11
426,ABAR,A,A52,12,A52-12,NA,25/09/2016,16/12/2016,82,0,1,0.0767,0.0058,4,1,NA,NA,NA,LOW,ABAR,11
427,ABAR,A,A53,1,A53-1,NA,25/09/2016,15/12/2016,81,0,1,0.1195,NA,6,NA,NA,NA,NA,MED,ABAR,12
428,ABAR,A,A53,2,A53-2,NA,25/09/2016,15/12/2016,81,0,1,0.1055,NA,6,NA,NA,NA,NA,MED,ABAR,12
429,ABAR,A,A53,3,A53-3,NA,25/09/2016,15/12/2016,81,0,1,0.1486,0.0082,6,1,NA,NA,NA,MED,ABAR,12
430,ABAR,A,A53,4,A53-4,NA,25/09/2016,15/12/2016,81,0,1,0.0876,NA,6,NA,NA,NA,NA,MED,ABAR,12
431,ABAR,A,A53,5,A53-5,NA,25/09/2016,15/12/2016,81,0,1,0.1631,NA,8,NA,NA,NA,NA,MED,ABAR,12
432,ABAR,A,A53,6,A53-6,NA,25/09/2016,15/12/2016,81,0,1,0.1447,NA,6,NA,NA,NA,NA,MED,ABAR,12
433,ABAR,A,A53,7,A53-7,NA,25/09/2016,15/12/2016,81,0,1,0.0731,0.0074,4,1,NA,NA,NA,MED,ABAR,12
434,ABAR,A,A53,8,A53-8,NA,25/09/2016,15/12/2016,81,0,1,0.1419,0.0034,NA,1,NA,NA,NA,MED,ABAR,12
435,ABAR,A,A53,9,A53-9,NA,25/09/2016,15/12/2016,81,0,1,0.1111,NA,6,NA,NA,NA,NA,MED,ABAR,12
436,ABAR,A,A53,10,A53-10,NA,25/09/2016,15/12/2016,81,0,1,0.1385,0.048,8,2,NA,NA,NA,MED,ABAR,12
437,ABAR,A,A53,11,A53-11,NA,25/09/2016,15/12/2016,81,0,1,0.1745,0.0149,12,3,1.674,0.0036,465,MED,ABAR,12
438,ABAR,A,A53,12,A53-12,NA,25/09/2016,15/12/2016,81,0,1,0.1199,NA,6,NA,NA,NA,NA,MED,ABAR,12
439,ABAR,A,A54,1,A54-1,NA,25/09/2016,15/12/2016,81,0,1,0.1502,NA,6,NA,NA,NA,NA,HIGH,ABAR,12
440,ABAR,A,A54,2,A54-2,NA,25/09/2016,15/12/2016,81,0,1,0.3812,0.0209,12,4,NA,NA,NA,HIGH,ABAR,12
441,ABAR,A,A54,3,A54-3,NA,25/09/2016,15/12/2016,81,0,1,0.1174,NA,6,NA,NA,NA,NA,HIGH,ABAR,12
442,ABAR,A,A54,4,A54-4,NA,25/09/2016,15/12/2016,81,0,1,0.1835,0.0205,16,6,NA,NA,NA,HIGH,ABAR,12
443,ABAR,A,A54,5,A54-5,NA,25/09/2016,15/12/2016,81,0,1,0.1667,NA,8,NA,NA,NA,NA,HIGH,ABAR,12
444,ABAR,A,A54,6,A54-6,NA,25/09/2016,15/12/2016,81,0,1,0.2326,NA,8,NA,NA,NA,NA,HIGH,ABAR,12
445,ABAR,A,A54,7,A54-7,NA,25/09/2016,15/12/2016,81,0,1,0.3172,NA,14,NA,NA,NA,NA,HIGH,ABAR,12
446,ABAR,A,A54,8,A54-8,NA,25/09/2016,15/12/2016,81,0,1,0.1684,NA,4,NA,NA,NA,NA,HIGH,ABAR,12
447,ABAR,A,A54,9,A54-9,NA,25/09/2016,15/12/2016,81,0,1,0.2335,0.0423,10,4,7.763,0.0194,400.1546391752577,HIGH,ABAR,12
448,ABAR,A,A54,10,A54-10,NA,25/09/2016,15/12/2016,81,0,1,0.3924,0.0356,24,11,NA,NA,NA,HIGH,ABAR,12
449,ABAR,A,A54,11,A54-11,NA,25/09/2016,15/12/2016,81,0,1,0.262,NA,8,NA,NA,NA,NA,HIGH,ABAR,12
450,ABAR,A,A54,12,A54-12,NA,25/09/2016,15/12/2016,81,0,1,0.3128,NA,9,NA,NA,NA,NA,HIGH,ABAR,12
452,ABAR,A,A55,2,A55-2,NA,25/09/2016,16/12/2016,82,0,1,0.091,0.0049,6,1,1.788,0.0036,496.6666666666667,LOW,ABAR,5
453,ABAR,A,A55,3,A55-3,NA,25/09/2016,16/12/2016,82,0,1,0.1734,NA,10,NA,NA,NA,NA,LOW,ABAR,5
458,ABAR,A,A56,2,A56-2,NA,25/09/2016,15/12/2016,81,0,1,0.2773,0.0166,16,2,NA,NA,NA,MED,ABAR,6
460,ABAR,A,A56,4,A56-4,NA,25/09/2016,15/12/2016,81,0,1,0.32,NA,16,NA,NA,NA,NA,MED,ABAR,6
461,ABAR,A,A56,5,A56-5,NA,25/09/2016,15/12/2016,81,0,1,0.2714,0.0458,12,6,7.479,0.0201,372.089552238806,MED,ABAR,6
463,ABAR,A,A57,1,A57-1,NA,25/09/2016,16/12/2016,82,0,1,0.4622,0.1841,22,14,NA,NA,NA,HIGH,ABAR,6
464,ABAR,A,A57,2,A57-2,NA,25/09/2016,16/12/2016,82,0,1,0.659,0.1377,34,12,NA,NA,NA,HIGH,ABAR,6
468,ABAR,A,A57,6,A57-6,NA,25/09/2016,16/12/2016,82,0,1,0.6802,0.0895,34,8,NA,NA,NA,HIGH,ABAR,6
469,ABAR,A,A58,1,A58-1,NA,25/09/2016,15/12/2016,81,0,1,0.0528,0.0049,4,1,NA,NA,NA,LOW,ABAR,9
472,ABAR,A,A58,4,A58-4,NA,25/09/2016,15/12/2016,81,0,1,0.0904,0.0186,8,2,NA,NA,NA,LOW,ABAR,9
474,ABAR,A,A58,6,A58-6,NA,25/09/2016,15/12/2016,81,0,1,0.0992,0.0042,4,2,NA,NA,NA,LOW,ABAR,9
475,ABAR,A,A58,7,A58-7,NA,25/09/2016,15/12/2016,81,0,1,0.0845,0.0145,4,3,NA,NA,NA,LOW,ABAR,9
476,ABAR,A,A58,8,A58-8,NA,25/09/2016,15/12/2016,81,0,1,0.1191,0.009,8,3,NA,NA,NA,LOW,ABAR,9
477,ABAR,A,A58,9,A58-9,NA,25/09/2016,15/12/2016,81,0,1,0.0956,0.0064,6,2,NA,NA,NA,LOW,ABAR,9
478,ABAR,A,A59,1,A59-1,NA,25/09/2016,15/12/2016,81,0,1,0.25,0.0939,8,9,NA,NA,NA,MED,ABAR,9
479,ABAR,A,A59,2,A59-2,NA,25/09/2016,15/12/2016,81,0,1,0.218,0.021,10,3,NA,NA,NA,MED,ABAR,9
480,ABAR,A,A59,3,A59-3,NA,25/09/2016,15/12/2016,81,0,1,0.3566,0.0168,8,2,NA,NA,NA,MED,ABAR,9
481,ABAR,A,A59,4,A59-4,NA,25/09/2016,15/12/2016,81,0,1,0.1798,0.0109,18,3,NA,NA,NA,MED,ABAR,9
482,ABAR,A,A59,5,A59-5,NA,25/09/2016,15/12/2016,81,0,1,0.0655,0.0125,8,2,NA,NA,NA,MED,ABAR,9
484,ABAR,A,A59,7,A59-7,NA,25/09/2016,15/12/2016,81,0,1,0.0378,0.0084,10,2,NA,NA,NA,MED,ABAR,9
487,ABAR,A,A60,1,A60-1,NA,25/09/2016,16/12/2016,82,0,1,0.321,0.0678,20,9,NA,NA,NA,HIGH,ABAR,9
488,ABAR,A,A60,2,A60-2,NA,25/09/2016,16/12/2016,82,0,1,0.7243,0.0733,28,13,NA,NA,NA,HIGH,ABAR,9
490,ABAR,A,A60,4,A60-4,NA,25/09/2016,16/12/2016,82,0,1,0.3486,NA,20,NA,NA,NA,NA,HIGH,ABAR,9
492,ABAR,A,A60,6,A60-6,NA,25/09/2016,16/12/2016,82,0,1,0.2754,0.0071,14,1,NA,NA,NA,HIGH,ABAR,9
493,ABAR,A,A60,7,A60-7,NA,25/09/2016,16/12/2016,82,0,1,0.3269,0.0165,14,2,NA,NA,NA,HIGH,ABAR,9
494,ABAR,A,A60,8,A60-8,NA,25/09/2016,16/12/2016,82,0,1,0.2426,NA,4,NA,NA,NA,NA,HIGH,ABAR,9
496,ABAR,A,A61,1,A61-1,NA,25/09/2016,16/12/2016,82,0,1,0.0687,0.0062,6,1,NA,NA,NA,LOW,ABAR,11
497,ABAR,A,A61,2,A61-2,NA,25/09/2016,16/12/2016,82,0,1,0.0889,NA,4,NA,NA,NA,NA,LOW,ABAR,11
499,ABAR,A,A61,4,A61-4,NA,25/09/2016,16/12/2016,82,0,1,0.081,NA,4,NA,NA,NA,NA,LOW,ABAR,11
500,ABAR,A,A61,5,A61-5,NA,25/09/2016,16/12/2016,82,0,1,0.0404,0.0092,4,2,NA,NA,NA,LOW,ABAR,11
502,ABAR,A,A61,7,A61-7,NA,25/09/2016,16/12/2016,82,0,1,0.051,NA,2,NA,NA,NA,NA,LOW,ABAR,11
503,ABAR,A,A61,8,A61-8,NA,25/09/2016,16/12/2016,82,0,1,0.0555,0.005,4,1,NA,NA,NA,LOW,ABAR,11
504,ABAR,A,A61,9,A61-9,NA,25/09/2016,16/12/2016,82,0,1,0.0322,NA,2,NA,NA,NA,NA,LOW,ABAR,11
507,ABAR,A,A61,12,A61-12,NA,25/09/2016,16/12/2016,82,0,1,0.0442,0.0066,2,1,NA,NA,NA,LOW,ABAR,11
508,ABAR,A,A62,1,A62-1,NA,25/09/2016,16/12/2016,82,0,1,0.0701,NA,4,NA,NA,NA,NA,MED,ABAR,12
509,ABAR,A,A62,2,A62-2,NA,25/09/2016,16/12/2016,82,0,1,0.081,0.0169,6,1,NA,NA,NA,MED,ABAR,12
510,ABAR,A,A62,3,A62-3,NA,25/09/2016,16/12/2016,82,0,1,0.1374,0.0093,6,2,NA,NA,NA,MED,ABAR,12
512,ABAR,A,A62,5,A62-5,NA,25/09/2016,16/12/2016,82,0,1,0.1055,0.0089,8,2,NA,NA,NA,MED,ABAR,12
514,ABAR,A,A62,7,A62-7,NA,25/09/2016,16/12/2016,82,0,1,0.0924,0.0194,6,1,NA,NA,NA,MED,ABAR,12
515,ABAR,A,A62,8,A62-8,NA,25/09/2016,16/12/2016,82,0,1,0.184,0.0429,6,6,NA,NA,NA,MED,ABAR,12
517,ABAR,A,A62,10,A62-10,NA,25/09/2016,16/12/2016,82,0,1,0.1503,0.0036,10,2,NA,NA,NA,MED,ABAR,12
518,ABAR,A,A62,11,A62-11,NA,25/09/2016,16/12/2016,82,0,1,0.2146,NA,8,NA,NA,NA,NA,MED,ABAR,12
519,ABAR,A,A62,12,A62-12,NA,25/09/2016,16/12/2016,82,0,1,0.1505,0.0156,8,1,NA,NA,NA,MED,ABAR,12
520,ABAR,A,A63,1,A63-1,NA,25/09/2016,16/12/2016,82,0,1,0.3025,0.0023,16,1,NA,NA,NA,HIGH,ABAR,12
521,ABAR,A,A63,2,A63-2,NA,25/09/2016,16/12/2016,82,0,1,0.2448,0.0018,12,1,NA,NA,NA,HIGH,ABAR,12
522,ABAR,A,A63,3,A63-3,NA,25/09/2016,16/12/2016,82,0,1,0.3479,0.0073,16,1,NA,NA,NA,HIGH,ABAR,12
523,ABAR,A,A63,4,A63-4,NA,25/09/2016,16/12/2016,82,0,1,0.2171,0.0166,12,1,NA,NA,NA,HIGH,ABAR,12
526,ABAR,A,A63,7,A63-7,NA,25/09/2016,16/12/2016,82,0,1,0.303,0.0193,12,1,NA,NA,NA,HIGH,ABAR,12
528,ABAR,A,A63,9,A63-9,NA,25/09/2016,16/12/2016,82,0,1,0.164,NA,8,NA,NA,NA,NA,HIGH,ABAR,12
529,ABAR,A,A63,10,A63-10,NA,25/09/2016,16/12/2016,82,0,1,0.2825,0.0099,14,2,NA,NA,NA,HIGH,ABAR,12
530,ABAR,A,A63,11,A63-11,NA,25/09/2016,16/12/2016,82,0,1,0.2137,NA,10,NA,NA,NA,NA,HIGH,ABAR,12
531,ABAR,A,A63,12,A63-12,NA,25/09/2016,16/12/2016,82,0,1,0.285,0.0217,14,6,NA,NA,NA,HIGH,ABAR,12
532,ABAR,A,A64,1,A64-1,NA,25/09/2016,16/12/2016,82,0,1,0.0985,NA,6,NA,NA,NA,NA,LOW,ABAR,9
536,ABAR,A,A64,5,A64-5,NA,25/09/2016,16/12/2016,82,0,1,0.0345,NA,2,NA,NA,NA,NA,LOW,ABAR,9
540,ABAR,A,A64,9,A64-9,NA,25/09/2016,16/12/2016,82,0,1,0.1081,0.0064,6,1,NA,NA,NA,LOW,ABAR,9
546,ABAR,A,A65,6,A65-6,NA,25/09/2016,16/12/2016,82,0,1,0.31,0.0193,16,5,NA,NA,NA,MED,ABAR,9
548,ABAR,A,A65,8,A65-8,NA,25/09/2016,16/12/2016,82,0,1,0.3247,0.0076,16,3,NA,NA,NA,MED,ABAR,9
549,ABAR,A,A65,9,A65-9,NA,25/09/2016,16/12/2016,82,0,1,0.5206,0.0396,23,12,NA,NA,NA,MED,ABAR,9
554,ABAR,A,A66,5,A66-5,NA,25/09/2016,16/12/2016,82,0,1,0.1738,NA,NA,NA,NA,NA,NA,HIGH,ABAR,9
556,ABAR,A,A66,7,A66-7,NA,25/09/2016,16/12/2016,82,0,1,0.1129,0.0071,22,1,NA,NA,NA,HIGH,ABAR,9
558,ABAR,A,A66,9,A66-9,NA,25/09/2016,16/12/2016,82,0,1,0.5037,0.0084,32,2,NA,NA,NA,HIGH,ABAR,9
561,ABAR,A,A67,3,A67-3,NA,25/09/2016,16/12/2016,82,0,1,0.1314,0.021,6,4,NA,NA,NA,LOW,ABAR,12
562,ABAR,A,A67,4,A67-4,NA,25/09/2016,16/12/2016,82,0,1,0.054,0.0067,2,1,NA,NA,NA,LOW,ABAR,12
563,ABAR,A,A67,5,A67-5,NA,25/09/2016,16/12/2016,82,0,1,0.0427,NA,4,NA,NA,NA,NA,LOW,ABAR,12
564,ABAR,A,A67,6,A67-6,NA,25/09/2016,16/12/2016,82,0,1,0.1555,0.0222,6,4,NA,NA,NA,LOW,ABAR,12
565,ABAR,A,A67,7,A67-7,NA,25/09/2016,16/12/2016,82,0,1,0.0782,NA,4,NA,1.584,0.0027,586.6666666666666,LOW,ABAR,12
566,ABAR,A,A67,8,A67-8,NA,25/09/2016,16/12/2016,82,0,1,0.0768,0.0247,4,3,NA,NA,NA,LOW,ABAR,12
573,ABAR,A,A68,3,A68-3,NA,25/09/2016,16/12/2016,82,0,1,0.1159,NA,NA,NA,NA,NA,NA,MED,ABAR,12
575,ABAR,A,A68,5,A68-5,NA,25/09/2016,16/12/2016,82,0,1,0.1511,NA,8,NA,NA,NA,NA,MED,ABAR,12
576,ABAR,A,A68,6,A68-6,NA,25/09/2016,16/12/2016,82,0,1,0.0773,NA,4,NA,NA,NA,NA,MED,ABAR,12
577,ABAR,A,A68,7,A68-7,NA,25/09/2016,16/12/2016,82,0,1,0.1324,NA,6,NA,NA,NA,NA,MED,ABAR,12
578,ABAR,A,A68,8,A68-8,NA,25/09/2016,16/12/2016,82,0,1,0.1498,0.0161,10,1,NA,NA,NA,MED,ABAR,12
582,ABAR,A,A68,12,A68-12,NA,25/09/2016,16/12/2016,82,0,1,0.1961,0.0102,12,3,2.15,0.0045,477.77777777777777,MED,ABAR,12
583,ABAR,A,A69,1,A69-1,NA,25/09/2016,16/12/2016,82,0,1,0.3439,0.0266,20,6,3.3280000000000003,0.0075,443.7333333333334,HIGH,ABAR,12
584,ABAR,A,A69,2,A69-2,NA,25/09/2016,16/12/2016,82,0,1,0.3087,0.0151,18,1,NA,NA,NA,HIGH,ABAR,12
587,ABAR,A,A69,5,A69-5,NA,25/09/2016,16/12/2016,82,0,1,0.2492,0.0058,14,1,NA,NA,NA,HIGH,ABAR,12
588,ABAR,A,A69,6,A69-6,NA,25/09/2016,16/12/2016,82,0,1,0.2145,NA,12,NA,NA,NA,NA,HIGH,ABAR,12
590,ABAR,A,A69,8,A69-8,NA,25/09/2016,16/12/2016,82,0,1,0.2015,NA,10,NA,NA,NA,NA,HIGH,ABAR,12
593,ABAR,A,A69,11,A69-11,NA,25/09/2016,16/12/2016,82,0,1,0.2913,0.0088,16,3,NA,NA,NA,HIGH,ABAR,12
598,ABAR,A,A70,4,A70-4,NA,25/09/2016,16/12/2016,82,0,1,0.0608,0.0048,4,1,NA,NA,NA,LOW,ABAR,9
599,ABAR,A,A70,5,A70-5,NA,25/09/2016,16/12/2016,82,0,1,0.0368,NA,4,NA,NA,NA,NA,LOW,ABAR,9
603,ABAR,A,A70,9,A70-9,NA,25/09/2016,16/12/2016,82,0,1,0.0838,NA,4,NA,NA,NA,NA,LOW,ABAR,9
609,ABAR,A,A71,3,A71-3,NA,25/09/2016,16/12/2016,82,0,1,0.2935,0.0108,12,2,NA,NA,NA,MED,ABAR,12
613,ABAR,A,A71,7,A71-7,NA,25/09/2016,16/12/2016,82,0,1,0.1418,0.0386,6,4,NA,NA,NA,MED,ABAR,12
614,ABAR,A,A71,8,A71-8,NA,25/09/2016,16/12/2016,82,0,1,0.2348,0.0148,12,4,NA,NA,NA,MED,ABAR,12
619,ABAR,A,A72,1,A72-1,NA,25/09/2016,16/12/2016,82,0,1,0.3757,0.0362,18,5,NA,NA,NA,HIGH,ABAR,12
628,ABAR,A,A72,10,A72-10,NA,25/09/2016,16/12/2016,82,0,1,0.3426,0.0571,18,5,NA,NA,NA,HIGH,ABAR,12
630,ABAR,A,A72,12,A72-12,NA,25/09/2016,16/12/2016,82,0,1,0.3875,0.0123,18,2,NA,NA,NA,HIGH,ABAR,12
1261,ABAR,B,B43,1,B43-1,NA,24/09/2016,14/12/2016,81,0,1,0.1892,0.0498,22,8,NA,NA,NA,LOW,ABAR,3
1262,ABAR,B,B43,2,B43-2,NA,24/09/2016,14/12/2016,81,0,1,0.1598,NA,8,NA,NA,NA,NA,LOW,ABAR,3
1263,ABAR,B,B43,3,B43-3,NA,24/09/2016,14/12/2016,81,0,1,0.163,0.0292,16,5,NA,NA,NA,LOW,ABAR,3
1264,ABAR,B,B44,1,B44-1,NA,24/09/2016,13/12/2016,80,0,1,0.4153,NA,22,NA,NA,NA,NA,MED,ABAR,3
1265,ABAR,B,B44,2,B44-2,NA,24/09/2016,13/12/2016,80,0,1,0.3655,0.003,14,1,NA,NA,NA,MED,ABAR,3
1266,ABAR,B,B44,3,B44-3,NA,24/09/2016,13/12/2016,80,0,1,0.5382,0.2096,22,17,NA,NA,NA,MED,ABAR,3
1267,ABAR,B,B45,1,B45-1,NA,24/09/2016,13/12/2016,80,0,1,0.4351,0.0406,32,1,NA,NA,NA,HIGH,ABAR,3
1268,ABAR,B,B45,2,B45-2,NA,24/09/2016,13/12/2016,80,0,1,0.7206,0.0672,50,12,NA,NA,NA,HIGH,ABAR,3
1269,ABAR,B,B45,3,B45-3,NA,24/09/2016,13/12/2016,80,0,1,1.2229,0.4781,74,34,NA,NA,NA,HIGH,ABAR,3
1270,ABAR,B,B46,1,B46-1,NA,24/09/2016,14/12/2016,81,0,1,0.0927,NA,4,NA,NA,NA,NA,LOW,ABAR,6
1271,ABAR,B,B46,2,B46-2,NA,24/09/2016,14/12/2016,81,0,1,0.0826,NA,4,NA,NA,NA,NA,LOW,ABAR,6
1272,ABAR,B,B46,3,B46-3,NA,24/09/2016,14/12/2016,81,0,1,0.0756,0.0045,4,1,NA,NA,NA,LOW,ABAR,6
1273,ABAR,B,B46,4,B46-4,NA,24/09/2016,14/12/2016,81,0,1,0.1285,0.0139,10,2,NA,NA,NA,LOW,ABAR,6
1274,ABAR,B,B46,5,B46-5,NA,24/09/2016,14/12/2016,81,0,1,0.0925,NA,6,NA,NA,NA,NA,LOW,ABAR,6
1275,ABAR,B,B46,6,B46-6,NA,24/09/2016,14/12/2016,81,0,1,0.1283,0.0165,4,2,NA,NA,NA,LOW,ABAR,6
1276,ABAR,B,B47,1,B47-1,NA,24/09/2016,14/12/2016,81,0,1,0.2641,NA,12,NA,NA,NA,NA,MED,ABAR,6
1277,ABAR,B,B47,2,B47-2,NA,24/09/2016,14/12/2016,81,0,1,0.2065,0.0541,10,8,8.386,0.0132,635.3030303030303,MED,ABAR,6
1278,ABAR,B,B47,3,B47-3,NA,24/09/2016,14/12/2016,81,0,1,0.2681,0.1291,14,10,NA,NA,NA,MED,ABAR,6
1279,ABAR,B,B47,4,B47-4,NA,24/09/2016,14/12/2016,81,0,1,0.1684,0.009,6,2,NA,NA,NA,MED,ABAR,6
1280,ABAR,B,B47,5,B47-5,NA,24/09/2016,14/12/2016,81,0,1,0.3233,0.0518,14,4,NA,NA,NA,MED,ABAR,6
1281,ABAR,B,B47,6,B47-6,NA,24/09/2016,14/12/2016,81,0,1,0.3296,NA,14,NA,NA,NA,NA,MED,ABAR,6
1282,ABAR,B,B48,1,B48-1,NA,24/09/2016,14/12/2016,81,0,1,0.6248,0.0055,34,1,11.065999999999999,0.0276,400.9420289855072,HIGH,ABAR,6
1283,ABAR,B,B48,2,B48-2,NA,24/09/2016,14/12/2016,81,0,1,0.531,0.0165,26,1,NA,NA,NA,HIGH,ABAR,6
1284,ABAR,B,B48,3,B48-3,NA,24/09/2016,14/12/2016,81,0,1,0.4555,0.0207,19,1,NA,NA,NA,HIGH,ABAR,6
1285,ABAR,B,B48,4,B48-4,NA,24/09/2016,14/12/2016,81,0,1,0.307,NA,18,NA,NA,NA,NA,HIGH,ABAR,6
1286,ABAR,B,B48,5,B48-5,NA,24/09/2016,14/12/2016,81,0,1,0.3255,NA,26,0,NA,NA,NA,HIGH,ABAR,6
1287,ABAR,B,B48,6,B48-6,NA,24/09/2016,14/12/2016,81,0,1,0.4041,0.0113,NA,1,NA,NA,NA,HIGH,ABAR,6
1288,ABAR,B,B49,1,B49-1,NA,24/09/2016,14/12/2016,81,0,1,0.1151,NA,4,NA,NA,NA,NA,LOW,ABAR,9
1289,ABAR,B,B49,2,B49-2,NA,24/09/2016,14/12/2016,81,0,1,0.1008,NA,4,NA,NA,NA,NA,LOW,ABAR,9
1290,ABAR,B,B49,3,B49-3,NA,24/09/2016,14/12/2016,81,0,1,0.0992,NA,4,NA,NA,NA,NA,LOW,ABAR,9
1291,ABAR,B,B49,4,B49-4,NA,24/09/2016,14/12/2016,81,0,1,0.0661,NA,4,NA,NA,NA,NA,LOW,ABAR,9
1292,ABAR,B,B49,5,B49-5,NA,24/09/2016,14/12/2016,81,0,1,0.0637,0.0036,4,1,NA,NA,NA,LOW,ABAR,9
1293,ABAR,B,B49,6,B49-6,NA,24/09/2016,14/12/2016,81,0,1,0.1007,0.0073,4,1,NA,NA,NA,LOW,ABAR,9
1294,ABAR,B,B49,7,B49-7,NA,24/09/2016,14/12/2016,81,0,1,0.063,NA,4,NA,NA,NA,NA,LOW,ABAR,9
1295,ABAR,B,B49,8,B49-8,NA,24/09/2016,14/12/2016,81,0,1,0.0597,NA,2,NA,NA,NA,NA,LOW,ABAR,9
1296,ABAR,B,B49,9,B49-9,NA,24/09/2016,14/12/2016,81,0,1,0.1175,NA,4,NA,NA,NA,NA,LOW,ABAR,9
1297,ABAR,B,B50,1,B50-1,NA,24/09/2016,14/12/2016,81,0,1,0.2297,0.0292,12,3,NA,NA,NA,MED,ABAR,9
1298,ABAR,B,B50,2,B50-2,NA,24/09/2016,14/12/2016,81,0,1,0.165,NA,8,NA,NA,NA,NA,MED,ABAR,9
1299,ABAR,B,B50,3,B50-3,NA,24/09/2016,14/12/2016,81,0,1,0.1576,NA,10,NA,NA,NA,NA,MED,ABAR,9
1300,ABAR,B,B50,4,B50-4,NA,24/09/2016,14/12/2016,81,0,1,0.2363,0.008,NA,1,NA,NA,NA,MED,ABAR,9
1301,ABAR,B,B50,5,B50-5,NA,24/09/2016,14/12/2016,81,0,1,0.2295,0.0797,8,8,NA,NA,NA,MED,ABAR,9
1302,ABAR,B,B50,6,B50-6,NA,24/09/2016,14/12/2016,81,0,1,0.2136,0.0042,14,1,NA,NA,NA,MED,ABAR,9
1303,ABAR,B,B50,7,B50-7,NA,24/09/2016,14/12/2016,81,0,1,0.1851,0.0366,8,3,NA,NA,NA,MED,ABAR,9
1304,ABAR,B,B50,8,B50-8,NA,24/09/2016,14/12/2016,81,0,1,0.1274,NA,6,NA,NA,NA,NA,MED,ABAR,9
1305,ABAR,B,B50,9,B50-9,NA,24/09/2016,14/12/2016,81,0,1,0.2641,0.036,12,4,NA,NA,NA,MED,ABAR,9
1306,ABAR,B,B51,1,B51-1,NA,24/09/2016,14/12/2016,81,0,1,0.4228,NA,19,NA,NA,NA,NA,HIGH,ABAR,8
1307,ABAR,B,B51,2,B51-2,NA,24/09/2016,14/12/2016,81,0,1,0.0903,0.0237,4,2,NA,NA,NA,HIGH,ABAR,8
1308,ABAR,B,B51,3,B51-3,NA,24/09/2016,14/12/2016,81,0,1,0.5429,0.0677,20,16,NA,NA,NA,HIGH,ABAR,8
1309,ABAR,B,B51,4,B51-4,NA,24/09/2016,14/12/2016,81,0,1,0.2283,NA,8,NA,NA,NA,NA,HIGH,ABAR,8
1310,ABAR,B,B51,5,B51-5,NA,24/09/2016,14/12/2016,81,0,1,0.4027,NA,20,NA,NA,NA,NA,HIGH,ABAR,8
1311,ABAR,B,B51,6,B51-6,NA,24/09/2016,14/12/2016,81,0,1,0.3699,NA,14,NA,NA,NA,NA,HIGH,ABAR,8
1313,ABAR,B,B51,8,B51-8,NA,24/09/2016,14/12/2016,81,0,1,0.2883,NA,18,NA,NA,NA,NA,HIGH,ABAR,8
1314,ABAR,B,B51,9,B51-9,NA,24/09/2016,14/12/2016,81,0,1,0.3108,NA,16,NA,NA,NA,NA,HIGH,ABAR,8
1315,ABAR,B,B52,1,B52-1,NA,24/09/2016,14/12/2016,81,0,1,0.0653,NA,4,NA,NA,NA,NA,LOW,ABAR,12
1316,ABAR,B,B52,2,B52-2,NA,24/09/2016,14/12/2016,81,0,1,0.0601,0.012,2,1,NA,NA,NA,LOW,ABAR,12
1317,ABAR,B,B52,3,B52-3,NA,24/09/2016,14/12/2016,81,0,1,0.0331,NA,2,NA,NA,NA,NA,LOW,ABAR,12
1318,ABAR,B,B52,4,B52-4,NA,24/09/2016,14/12/2016,81,0,1,0.0582,0.0114,NA,1,3.519,0.0084,418.92857142857144,LOW,ABAR,12
1319,ABAR,B,B52,5,B52-5,NA,24/09/2016,14/12/2016,81,0,1,0.0373,NA,2,NA,NA,NA,NA,LOW,ABAR,12
1320,ABAR,B,B52,6,B52-6,NA,24/09/2016,14/12/2016,81,0,1,0.0493,NA,4,NA,NA,NA,NA,LOW,ABAR,12
1321,ABAR,B,B52,7,B52-7,NA,24/09/2016,14/12/2016,81,0,1,0.0461,NA,2,NA,NA,NA,NA,LOW,ABAR,12
1322,ABAR,B,B52,8,B52-8,NA,24/09/2016,14/12/2016,81,0,1,0.0637,0.0088,NA,1,NA,NA,NA,LOW,ABAR,12
1323,ABAR,B,B52,9,B52-9,NA,24/09/2016,14/12/2016,81,0,1,0.0585,NA,4,NA,NA,NA,NA,LOW,ABAR,12
1324,ABAR,B,B52,10,B52-10,NA,24/09/2016,14/12/2016,81,0,1,0.048,0.0034,NA,1,NA,NA,NA,LOW,ABAR,12
1325,ABAR,B,B52,11,B52-11,NA,24/09/2016,14/12/2016,81,0,1,0.0486,NA,4,NA,NA,NA,NA,LOW,ABAR,12
1326,ABAR,B,B52,12,B52-12,NA,24/09/2016,14/12/2016,81,0,1,0.1012,0.008,NA,1,NA,NA,NA,LOW,ABAR,12
1327,ABAR,B,B53,1,B53-1,NA,24/09/2016,14/12/2016,81,0,1,0.0922,NA,6,NA,NA,NA,NA,MED,ABAR,12
1328,ABAR,B,B53,2,B53-2,NA,24/09/2016,14/12/2016,81,0,1,0.213,0.0096,8,1,NA,NA,NA,MED,ABAR,12
1329,ABAR,B,B53,3,B53-3,NA,24/09/2016,14/12/2016,81,0,1,0.1589,0.015,6,1,NA,NA,NA,MED,ABAR,12
1330,ABAR,B,B53,4,B53-4,NA,24/09/2016,14/12/2016,81,0,1,0.1063,NA,7,NA,NA,NA,NA,MED,ABAR,12
1331,ABAR,B,B53,5,B53-5,NA,24/09/2016,14/12/2016,81,0,1,0.1516,NA,6,NA,NA,NA,NA,MED,ABAR,12
1332,ABAR,B,B53,6,B53-6,NA,24/09/2016,14/12/2016,81,0,1,0.1204,NA,6,NA,NA,NA,NA,MED,ABAR,12
1333,ABAR,B,B53,7,B53-7,NA,24/09/2016,14/12/2016,81,0,1,0.1659,NA,8,8,4.42,0.0125,353.59999999999997,MED,ABAR,12
1334,ABAR,B,B53,8,B53-8,NA,24/09/2016,14/12/2016,81,0,1,0.1083,NA,4,NA,NA,NA,NA,MED,ABAR,12
1335,ABAR,B,B53,9,B53-9,NA,24/09/2016,14/12/2016,81,0,1,0.1159,0.0066,6,1,NA,NA,NA,MED,ABAR,12
1336,ABAR,B,B53,10,B53-10,NA,24/09/2016,14/12/2016,81,0,1,0.2213,NA,12,5,NA,NA,NA,MED,ABAR,12
1337,ABAR,B,B53,11,B53-11,NA,24/09/2016,14/12/2016,81,0,1,0.1821,NA,12,5,NA,NA,NA,MED,ABAR,12
1338,ABAR,B,B53,12,B53-12,NA,24/09/2016,14/12/2016,81,0,1,0.0676,0.0088,8,2,NA,NA,NA,MED,ABAR,12
1339,ABAR,B,B54,1,B54-1,NA,24/09/2016,13/12/2016,80,0,1,0.2625,NA,12,0,NA,NA,NA,HIGH,ABAR,11
1340,ABAR,B,B54,2,B54-2,NA,24/09/2016,13/12/2016,80,0,1,0.1873,NA,10,0,NA,NA,NA,HIGH,ABAR,11
1341,ABAR,B,B54,3,B54-3,NA,24/09/2016,13/12/2016,80,0,1,0.2641,NA,16,0,NA,NA,NA,HIGH,ABAR,11
1343,ABAR,B,B54,5,B54-5,NA,24/09/2016,13/12/2016,80,0,1,0.1807,0.0528,16,8,4.801,0.0163,294.5398773006135,HIGH,ABAR,11
1344,ABAR,B,B54,6,B54-6,NA,24/09/2016,13/12/2016,80,0,1,0.1781,NA,6,0,NA,NA,NA,HIGH,ABAR,11
1345,ABAR,B,B54,7,B54-7,NA,24/09/2016,13/12/2016,80,0,1,0.1771,0.0238,10,1,NA,NA,NA,HIGH,ABAR,11
1346,ABAR,B,B54,8,B54-8,NA,24/09/2016,13/12/2016,80,0,1,0.1996,0.0264,12,1,NA,NA,NA,HIGH,ABAR,11
1347,ABAR,B,B54,9,B54-9,NA,24/09/2016,13/12/2016,80,0,1,0.2764,0.0621,18,9,NA,NA,NA,HIGH,ABAR,11
1348,ABAR,B,B54,10,B54-10,NA,24/09/2016,13/12/2016,80,0,1,0.3631,NA,12,0,NA,NA,NA,HIGH,ABAR,11
1349,ABAR,B,B54,11,B54-11,NA,24/09/2016,13/12/2016,80,0,1,0.3393,NA,18,0,NA,NA,NA,HIGH,ABAR,11
1350,ABAR,B,B54,12,B54-12,NA,24/09/2016,13/12/2016,80,0,1,0.158,NA,10,0,NA,NA,NA,HIGH,ABAR,11
1351,ABAR,B,B55,1,B55-1,NA,24/09/2016,13/12/2016,80,0,1,0.0903,0.0323,10,4,1.55,0.0043,360.4651162790698,LOW,ABAR,6
1355,ABAR,B,B55,5,B55-5,NA,24/09/2016,13/12/2016,80,0,1,0.0843,NA,4,0,NA,NA,NA,LOW,ABAR,6
1356,ABAR,B,B55,6,B55-6,NA,24/09/2016,13/12/2016,80,0,1,0.1023,NA,4,0,NA,NA,NA,LOW,ABAR,6
1357,ABAR,B,B56,1,B56-1,NA,24/09/2016,14/12/2016,81,0,1,0.2012,NA,8,NA,NA,NA,NA,MED,ABAR,6
1360,ABAR,B,B56,4,B56-4,NA,24/09/2016,14/12/2016,81,0,1,0.3047,NA,13,4,NA,NA,NA,MED,ABAR,6
1362,ABAR,B,B56,6,B56-6,NA,24/09/2016,14/12/2016,81,0,1,0.5926,0.0238,38,4,3.085,0.0077,400.64935064935065,MED,ABAR,6
1363,ABAR,B,B57,1,B57-1,NA,24/09/2016,14/12/2016,81,0,1,0.5185,0.0228,14,1,NA,NA,NA,HIGH,ABAR,6
1365,ABAR,B,B57,3,B57-3,NA,24/09/2016,14/12/2016,81,0,1,0.1066,0.2508,64,21,NA,NA,NA,HIGH,ABAR,6
1367,ABAR,B,B57,5,B57-5,NA,24/09/2016,14/12/2016,81,0,1,0.5008,0.0464,28,1,18.999000000000002,0.0581,327.0051635111877,HIGH,ABAR,6
1370,ABAR,B,B58,2,B58-2,NA,24/09/2016,14/12/2016,81,0,1,0.1248,NA,6,NA,NA,NA,NA,LOW,ABAR,9
1372,ABAR,B,B58,4,B58-4,NA,24/09/2016,14/12/2016,81,0,1,0.0816,0.0317,6,4,NA,NA,NA,LOW,ABAR,9
1373,ABAR,B,B58,5,B58-5,NA,24/09/2016,14/12/2016,81,0,1,0.0535,0.0082,4,1,NA,NA,NA,LOW,ABAR,9
1375,ABAR,B,B58,7,B58-7,NA,24/09/2016,14/12/2016,81,0,1,0.0599,NA,4,NA,NA,NA,NA,LOW,ABAR,9
1376,ABAR,B,B58,8,B58-8,NA,24/09/2016,14/12/2016,81,0,1,0.0852,NA,4,1,NA,NA,NA,LOW,ABAR,9
1377,ABAR,B,B58,9,B58-9,NA,24/09/2016,14/12/2016,81,0,1,0.0795,NA,4,NA,NA,NA,NA,LOW,ABAR,9
1378,ABAR,B,B59,1,B59-1,NA,24/09/2016,13/12/2016,80,0,1,0.1834,0.016,8,1,NA,NA,NA,MED,ABAR,9
1380,ABAR,B,B59,3,B59-3,NA,24/09/2016,13/12/2016,80,0,1,0.1985,0.0178,12,1,NA,NA,NA,MED,ABAR,9
1381,ABAR,B,B59,4,B59-4,NA,24/09/2016,13/12/2016,80,0,1,0.2051,NA,8,0,NA,NA,NA,MED,ABAR,9
1382,ABAR,B,B59,5,B59-5,NA,24/09/2016,13/12/2016,80,0,1,0.1485,0.0289,22,6,NA,NA,NA,MED,ABAR,9
1383,ABAR,B,B59,6,B59-6,NA,24/09/2016,13/12/2016,80,0,1,0.2418,0.034,14,5,NA,NA,NA,MED,ABAR,9
1384,ABAR,B,B59,7,B59-7,NA,24/09/2016,13/12/2016,80,0,1,0.2556,NA,16,0,NA,NA,NA,MED,ABAR,9
1388,ABAR,B,B60,2,B60-2,NA,24/09/2016,14/12/2016,81,0,1,0.2801,NA,12,0,NA,NA,NA,HIGH,ABAR,9
1389,ABAR,B,B60,3,B60-3,NA,24/09/2016,14/12/2016,81,0,1,0.4811,0.0358,16,1,NA,NA,NA,HIGH,ABAR,9
1391,ABAR,B,B60,5,B60-5,NA,24/09/2016,14/12/2016,81,0,1,0.2017,0.0232,14,1,NA,NA,NA,HIGH,ABAR,9
1392,ABAR,B,B60,6,B60-6,NA,24/09/2016,14/12/2016,81,0,1,0.1693,NA,10,0,NA,NA,NA,HIGH,ABAR,9
1394,ABAR,B,B60,8,B60-8,NA,24/09/2016,14/12/2016,81,0,1,0.227,NA,12,0,NA,NA,NA,HIGH,ABAR,9
1395,ABAR,B,B60,9,B60-9,NA,24/09/2016,14/12/2016,81,0,1,0.3113,NA,20,0,NA,NA,NA,HIGH,ABAR,9
1396,ABAR,B,B61,1,B61-1,NA,24/09/2016,14/12/2016,81,0,1,0.0616,0.0075,4,1,NA,NA,NA,LOW,ABAR,12
1397,ABAR,B,B61,2,B61-2,NA,24/09/2016,14/12/2016,81,0,1,0.0547,NA,4,0,NA,NA,NA,LOW,ABAR,12
1399,ABAR,B,B61,4,B61-4,NA,24/09/2016,14/12/2016,81,0,1,0.0555,NA,4,0,NA,NA,NA,LOW,ABAR,12
1400,ABAR,B,B61,5,B61-5,NA,24/09/2016,14/12/2016,81,0,1,0.057,NA,2,0,NA,NA,NA,LOW,ABAR,12
1402,ABAR,B,B61,7,B61-7,NA,24/09/2016,14/12/2016,81,0,1,0.0621,NA,4,0,NA,NA,NA,LOW,ABAR,12
1403,ABAR,B,B61,8,B61-8,NA,24/09/2016,14/12/2016,81,0,1,0.0646,0.0198,4,1,NA,NA,NA,LOW,ABAR,12
1405,ABAR,B,B61,10,B61-10,NA,24/09/2016,14/12/2016,81,0,1,0.0912,0.0105,10,2,NA,NA,NA,LOW,ABAR,12
1406,ABAR,B,B61,11,B61-11,NA,24/09/2016,14/12/2016,81,0,1,0.1091,0.0135,10,3,NA,NA,NA,LOW,ABAR,12
1407,ABAR,B,B61,12,B61-12,NA,24/09/2016,14/12/2016,81,0,1,0.0632,NA,2,0,NA,NA,NA,LOW,ABAR,12
1410,ABAR,B,B62,3,B62-3,NA,24/09/2016,13/12/2016,80,0,1,0.1342,0.0109,6,1,NA,NA,NA,MED,ABAR,12
1411,ABAR,B,B62,4,B62-4,NA,24/09/2016,13/12/2016,80,0,1,0.1334,NA,10,3,NA,NA,NA,MED,ABAR,12
1412,ABAR,B,B62,5,B62-5,NA,24/09/2016,13/12/2016,80,0,1,0.1422,NA,10,2,NA,NA,NA,MED,ABAR,12
1414,ABAR,B,B62,7,B62-7,NA,24/09/2016,13/12/2016,80,0,1,0.2151,0.0314,NA,3,NA,NA,NA,MED,ABAR,12
1415,ABAR,B,B62,8,B62-8,NA,24/09/2016,13/12/2016,80,0,1,0.2593,NA,14,4,NA,NA,NA,MED,ABAR,12
1416,ABAR,B,B62,9,B62-9,NA,24/09/2016,13/12/2016,80,0,1,0.1752,NA,4,NA,NA,NA,NA,MED,ABAR,12
1417,ABAR,B,B62,10,B62-10,NA,24/09/2016,13/12/2016,80,0,1,0.29,NA,16,4,NA,NA,NA,MED,ABAR,12
1418,ABAR,B,B62,11,B62-11,NA,24/09/2016,13/12/2016,80,0,1,0.2713,0.0048,10,1,NA,NA,NA,MED,ABAR,12
1419,ABAR,B,B62,12,B62-12,NA,24/09/2016,13/12/2016,80,0,1,0.1881,NA,10,NA,NA,NA,NA,MED,ABAR,12
1420,ABAR,B,B63,1,B63-1,NA,24/09/2016,14/12/2016,81,0,1,0.1615,NA,10,NA,NA,NA,NA,HIGH,ABAR,12
1421,ABAR,B,B63,2,B63-2,NA,24/09/2016,14/12/2016,81,0,1,0.2417,0.005,12,1,NA,NA,NA,HIGH,ABAR,12
1422,ABAR,B,B63,3,B63-3,NA,24/09/2016,14/12/2016,81,0,1,0.13,0.0145,8,3,NA,NA,NA,HIGH,ABAR,12
1423,ABAR,B,B63,4,B63-4,NA,24/09/2016,14/12/2016,81,0,1,0.2588,0.0282,14,5,NA,NA,NA,HIGH,ABAR,12
1424,ABAR,B,B63,5,B63-5,NA,24/09/2016,14/12/2016,81,0,1,0.2382,0.027,14,3,NA,NA,NA,HIGH,ABAR,12
1425,ABAR,B,B63,6,B63-6,NA,24/09/2016,14/12/2016,81,0,1,0.2461,0.0239,12,2,NA,NA,NA,HIGH,ABAR,12
1426,ABAR,B,B63,7,B63-7,NA,24/09/2016,14/12/2016,81,0,1,0.2336,NA,14,NA,NA,NA,NA,HIGH,ABAR,12
1427,ABAR,B,B63,8,B63-8,NA,24/09/2016,14/12/2016,81,0,1,0.1843,NA,12,NA,NA,NA,NA,HIGH,ABAR,12
1429,ABAR,B,B63,10,B63-10,NA,24/09/2016,14/12/2016,81,0,1,0.3183,0.0325,14,5,NA,NA,NA,HIGH,ABAR,12
1432,ABAR,B,B64,1,B64-1,NA,24/09/2016,14/12/2016,81,0,1,0.0967,NA,4,NA,NA,NA,NA,LOW,ABAR,9
1436,ABAR,B,B64,5,B64-5,NA,24/09/2016,14/12/2016,81,0,1,0.0823,NA,6,NA,NA,NA,NA,LOW,ABAR,9
1440,ABAR,B,B64,9,B64-9,NA,24/09/2016,14/12/2016,81,0,1,0.1609,NA,6,NA,NA,NA,NA,LOW,ABAR,9
1442,ABAR,B,B65,2,B65-2,NA,24/09/2016,14/12/2016,81,0,1,0.2308,NA,14,3,NA,NA,NA,MED,ABAR,9
1446,ABAR,B,B65,6,B65-6,NA,24/09/2016,14/12/2016,81,0,1,0.2037,NA,8,NA,NA,NA,NA,MED,ABAR,9
1449,ABAR,B,B65,9,B65-9,NA,24/09/2016,14/12/2016,81,0,1,0.4215,0.0461,24,1,NA,NA,NA,MED,ABAR,9
1453,ABAR,B,B66,4,B66-4,NA,24/09/2016,13/12/2016,80,0,1,0.2842,0.016,12,2,NA,NA,NA,HIGH,ABAR,9
1454,ABAR,B,B66,5,B66-5,NA,24/09/2016,13/12/2016,80,0,1,0.6044,0.0082,26,2,NA,NA,NA,HIGH,ABAR,9
1456,ABAR,B,B66,7,B66-7,NA,24/09/2016,13/12/2016,80,0,1,0.502,0.0182,24,4,NA,NA,NA,HIGH,ABAR,9
1459,ABAR,B,B67,1,B67-1,NA,24/09/2016,14/12/2016,81,0,1,0.1595,0.077,6,1,NA,NA,NA,LOW,ABAR,12
1460,ABAR,B,B67,2,B67-2,NA,24/09/2016,14/12/2016,81,0,1,0.0915,NA,4,NA,NA,NA,NA,LOW,ABAR,12
1461,ABAR,B,B67,3,B67-3,NA,24/09/2016,14/12/2016,81,0,1,0.0644,NA,2,NA,NA,NA,NA,LOW,ABAR,12
1462,ABAR,B,B67,4,B67-4,NA,24/09/2016,14/12/2016,81,0,1,0.0481,NA,4,NA,NA,NA,NA,LOW,ABAR,12
1464,ABAR,B,B67,6,B67-6,NA,24/09/2016,14/12/2016,81,0,1,0.0989,0.0066,4,1,2.809,0.0057,492.8070175438597,LOW,ABAR,12
1466,ABAR,B,B67,8,B67-8,NA,24/09/2016,14/12/2016,81,0,1,0.0592,NA,2,NA,NA,NA,NA,LOW,ABAR,12
1474,ABAR,B,B68,4,B68-4,NA,24/09/2016,13/12/2016,80,0,1,0.1425,NA,8,NA,NA,NA,NA,MED,ABAR,12
1475,ABAR,B,B68,5,B68-5,NA,24/09/2016,13/12/2016,80,0,1,0.1449,0.004,6,1,NA,NA,NA,MED,ABAR,12
1476,ABAR,B,B68,6,B68-6,NA,24/09/2016,13/12/2016,80,0,1,0.1874,0.0513,8,4,NA,NA,NA,MED,ABAR,12
1477,ABAR,B,B68,7,B68-7,NA,24/09/2016,13/12/2016,80,0,1,0.1024,NA,6,NA,NA,NA,NA,MED,ABAR,12
1481,ABAR,B,B68,11,B68-11,NA,24/09/2016,13/12/2016,80,0,1,0.1444,0.0047,13,1,3.339,0.0062,538.5483870967743,MED,ABAR,12
1482,ABAR,B,B68,12,B68-12,NA,24/09/2016,13/12/2016,80,0,1,0.2212,NA,12,NA,NA,NA,NA,MED,ABAR,12
1483,ABAR,B,B69,1,B69-1,NA,24/09/2016,14/12/2016,81,0,1,0.2817,0.0064,10,2,NA,NA,NA,HIGH,ABAR,12
1484,ABAR,B,B69,2,B69-2,NA,24/09/2016,14/12/2016,81,0,1,0.4638,0.0158,16,2,NA,NA,NA,HIGH,ABAR,12
1490,ABAR,B,B69,8,B69-8,NA,24/09/2016,14/12/2016,81,0,1,0.2835,NA,14,NA,NA,NA,NA,HIGH,ABAR,12
1491,ABAR,B,B69,9,B69-9,NA,24/09/2016,14/12/2016,81,0,1,0.2429,0.08,12,6,8.686,0.0246,353.0894308943089,HIGH,ABAR,12
1492,ABAR,B,B69,10,B69-10,NA,24/09/2016,14/12/2016,81,0,1,0.3605,NA,20,NA,NA,NA,NA,HIGH,ABAR,12
1493,ABAR,B,B69,11,B69-11,NA,24/09/2016,14/12/2016,81,0,1,0.2747,NA,NA,NA,NA,NA,NA,HIGH,ABAR,12
1496,ABAR,B,B70,2,B70-2,NA,24/09/2016,13/12/2016,80,0,1,0.0784,0.0068,4,1,NA,NA,NA,LOW,ABAR,10
1504,ABAR,B,B70,10,B70-10,NA,24/09/2016,13/12/2016,80,0,1,0.0993,0.0031,6,1,NA,NA,NA,LOW,ABAR,10
1511,ABAR,B,B71,5,B71-5,NA,24/09/2016,13/12/2016,80,0,1,0.3013,0.0094,12,2,NA,NA,NA,MED,ABAR,12
1514,ABAR,B,B71,8,B71-8,NA,24/09/2016,13/12/2016,80,0,1,0.2114,0.0097,8,2,NA,NA,NA,MED,ABAR,12
1515,ABAR,B,B71,9,B71-9,NA,24/09/2016,13/12/2016,80,0,1,0.0901,0.0179,24,3,NA,NA,NA,MED,ABAR,12
1520,ABAR,B,B72,2,B72-2,NA,24/09/2016,13/12/2016,80,0,1,0.5894,0.0219,NA,2,NA,NA,NA,HIGH,ABAR,12
1521,ABAR,B,B72,3,B72-3,NA,24/09/2016,13/12/2016,80,0,1,0.4106,NA,18,NA,NA,NA,NA,HIGH,ABAR,12
1524,ABAR,B,B72,6,B72-6,NA,24/09/2016,13/12/2016,80,0,1,0.2869,NA,14,NA,NA,NA,NA,HIGH,ABAR,12
2161,ABAR,C,C43,1,C43-1,NA,23/09/2016,12/12/2016,80,0,1,0.2007,NA,8,NA,NA,NA,NA,LOW,ABAR,3
2162,ABAR,C,C43,2,C43-2,NA,23/09/2016,12/12/2016,80,0,1,0.1699,NA,4,NA,NA,NA,NA,LOW,ABAR,3
2163,ABAR,C,C43,3,C43-3,NA,23/09/2016,12/12/2016,80,0,1,0.1313,NA,6,NA,NA,NA,NA,LOW,ABAR,3
2164,ABAR,C,C44,1,C44-1,NA,23/09/2016,13/12/2016,81,0,1,0.4675,NA,18,NA,NA,NA,NA,MED,ABAR,3
2165,ABAR,C,C44,2,C44-2,NA,23/09/2016,13/12/2016,81,0,1,0.4251,NA,14,NA,NA,NA,NA,MED,ABAR,3
2166,ABAR,C,C44,3,C44-3,NA,23/09/2016,13/12/2016,81,0,1,0.4772,NA,18,NA,NA,NA,NA,MED,ABAR,3
2167,ABAR,C,C45,1,C45-1,NA,23/09/2016,9/12/2016,77,0,1,0.7151,NA,24,NA,NA,NA,NA,HIGH,ABAR,3
2168,ABAR,C,C45,2,C45-2,NA,23/09/2016,9/12/2016,77,0,1,0.9804,NA,34,NA,NA,NA,NA,HIGH,ABAR,3
2169,ABAR,C,C45,3,C45-3,NA,23/09/2016,9/12/2016,77,0,1,1.1115,NA,NA,NA,NA,NA,NA,HIGH,ABAR,3
2170,ABAR,C,C46,1,C46-1,NA,23/09/2016,12/12/2016,80,0,1,0.063,0.019,2,1,NA,NA,NA,LOW,ABAR,6
2171,ABAR,C,C46,2,C46-2,NA,23/09/2016,12/12/2016,80,0,1,0.0958,0.0209,8,4,NA,NA,NA,LOW,ABAR,6
2172,ABAR,C,C46,3,C46-3,NA,23/09/2016,12/12/2016,80,0,1,0.117,0.0076,NA,NA,NA,NA,NA,LOW,ABAR,6
2173,ABAR,C,C46,4,C46-4,NA,23/09/2016,12/12/2016,80,0,1,0.0766,0.011,4,2,3.833,0.0088,435.5681818181818,LOW,ABAR,6
2174,ABAR,C,C46,5,C46-5,NA,23/09/2016,12/12/2016,80,0,1,0.062,0.0028,NA,NA,NA,NA,NA,LOW,ABAR,6
2175,ABAR,C,C46,6,C46-6,NA,23/09/2016,12/12/2016,80,0,1,0.17,0.0122,2,1,NA,NA,NA,LOW,ABAR,6
2176,ABAR,C,C47,1,C47-1,NA,23/09/2016,12/12/2016,80,0,1,0.1066,0.01,6,3,NA,NA,NA,MED,ABAR,6
2177,ABAR,C,C47,2,C47-2,NA,23/09/2016,12/12/2016,80,0,1,0.3489,NA,16,0,11.097,0.0239,464.3096234309623,MED,ABAR,6
2178,ABAR,C,C47,3,C47-3,NA,23/09/2016,12/12/2016,80,0,1,0.2568,0.0497,6,3,NA,NA,NA,MED,ABAR,6
2179,ABAR,C,C47,4,C47-4,NA,23/09/2016,12/12/2016,80,0,1,0.2581,0.0325,14,1,NA,NA,NA,MED,ABAR,6
2180,ABAR,C,C47,5,C47-5,NA,23/09/2016,12/12/2016,80,0,1,0.3512,0.13,12,12,NA,NA,NA,MED,ABAR,6
2181,ABAR,C,C47,6,C47-6,NA,23/09/2016,12/12/2016,80,0,1,0.3078,0.038,18,3,NA,NA,NA,MED,ABAR,6
2182,ABAR,C,C48,1,C48-1,NA,23/09/2016,12/12/2016,80,0,1,0.5525,0.0808,20,10,NA,NA,NA,HIGH,ABAR,6
2183,ABAR,C,C48,2,C48-2,NA,23/09/2016,12/12/2016,80,0,1,0.5237,0.1899,30,15,NA,NA,NA,HIGH,ABAR,6
2184,ABAR,C,C48,3,C48-3,NA,23/09/2016,12/12/2016,80,0,1,0.3895,0.081,16,8,NA,NA,NA,HIGH,ABAR,6
2185,ABAR,C,C48,4,C48-4,NA,23/09/2016,12/12/2016,80,0,1,0.6357,0.0902,32,16,15.275,0.042,363.6904761904762,HIGH,ABAR,6
2186,ABAR,C,C48,5,C48-5,NA,23/09/2016,12/12/2016,80,0,1,0.5178,0.0879,20,10,NA,NA,NA,HIGH,ABAR,6
2187,ABAR,C,C48,6,C48-6,NA,23/09/2016,12/12/2016,80,0,1,0.4056,0.0269,2,1,NA,NA,NA,HIGH,ABAR,6
2188,ABAR,C,C49,1,C49-1,NA,23/09/2016,12/12/2016,80,0,1,0.095,0.0175,8,4,NA,NA,NA,LOW,ABAR,9
2189,ABAR,C,C49,2,C49-2,NA,23/09/2016,12/12/2016,80,0,1,0.065,0.0041,NA,NA,NA,NA,NA,LOW,ABAR,9
2190,ABAR,C,C49,3,C49-3,NA,23/09/2016,12/12/2016,80,0,1,0.0915,0.0071,4,2,NA,NA,NA,LOW,ABAR,9
2191,ABAR,C,C49,4,C49-4,NA,23/09/2016,12/12/2016,80,0,1,0.0688,0.0244,6,3,NA,NA,NA,LOW,ABAR,9
2192,ABAR,C,C49,5,C49-5,NA,23/09/2016,12/12/2016,80,0,1,0.0553,0.0167,2,1,NA,NA,NA,LOW,ABAR,9
2193,ABAR,C,C49,6,C49-6,NA,23/09/2016,12/12/2016,80,0,1,0.0617,0.0026,NA,NA,NA,NA,NA,LOW,ABAR,9
2194,ABAR,C,C49,7,C49-7,NA,23/09/2016,12/12/2016,80,0,1,0.0445,0.0091,4,2,NA,NA,NA,LOW,ABAR,9
2195,ABAR,C,C49,8,C49-8,NA,23/09/2016,12/12/2016,80,0,1,0.1148,0.0043,NA,NA,NA,NA,NA,LOW,ABAR,9
2196,ABAR,C,C49,9,C49-9,NA,23/09/2016,12/12/2016,80,0,1,0.0657,0.0296,8,4,NA,NA,NA,LOW,ABAR,9
2197,ABAR,C,C50,1,C50-1,NA,23/09/2016,9/12/2016,77,0,1,0.1709,0.0078,NA,NA,NA,NA,NA,MED,ABAR,9
2198,ABAR,C,C50,2,C50-2,NA,23/09/2016,9/12/2016,77,0,1,0.0966,0.0297,8,4,NA,NA,NA,MED,ABAR,9
2199,ABAR,C,C50,3,C50-3,NA,23/09/2016,9/12/2016,77,0,1,0.262,0.046,14,7,NA,NA,NA,MED,ABAR,9
2200,ABAR,C,C50,4,C50-4,NA,23/09/2016,9/12/2016,77,0,1,0.2323,0.056,12,6,NA,NA,NA,MED,ABAR,9
2201,ABAR,C,C50,5,C50-5,NA,23/09/2016,9/12/2016,77,0,1,0.1198,0.0195,8,4,NA,NA,NA,MED,ABAR,9
2202,ABAR,C,C50,6,C50-6,NA,23/09/2016,9/12/2016,77,0,1,0.2481,0.0338,6,3,NA,NA,NA,MED,ABAR,9
2203,ABAR,C,C50,7,C50-7,NA,23/09/2016,9/12/2016,77,0,1,0.1501,0.0138,4,2,NA,NA,NA,MED,ABAR,9
2204,ABAR,C,C50,8,C50-8,NA,23/09/2016,9/12/2016,77,0,1,0.189,0.0991,20,10,NA,NA,NA,MED,ABAR,9
2205,ABAR,C,C50,9,C50-9,NA,23/09/2016,9/12/2016,77,0,1,0.1748,0.0159,4,2,NA,NA,NA,MED,ABAR,9
2206,ABAR,C,C51,1,C51-1,NA,23/09/2016,12/12/2016,80,0,1,0.3319,0.0494,10,5,NA,NA,NA,HIGH,ABAR,9
2207,ABAR,C,C51,2,C51-2,NA,23/09/2016,12/12/2016,80,0,1,0.3939,0.0291,8,4,NA,NA,NA,HIGH,ABAR,9
2208,ABAR,C,C51,3,C51-3,NA,23/09/2016,12/12/2016,80,0,1,0.2683,0.0595,10,5,NA,NA,NA,HIGH,ABAR,9
2209,ABAR,C,C51,4,C51-4,NA,23/09/2016,12/12/2016,80,0,1,0.3173,0.0641,10,5,NA,NA,NA,HIGH,ABAR,9
2210,ABAR,C,C51,5,C51-5,NA,23/09/2016,12/12/2016,80,0,1,0.2992,0.0163,2,1,NA,NA,NA,HIGH,ABAR,9
2211,ABAR,C,C51,6,C51-6,NA,23/09/2016,12/12/2016,80,0,1,0.2626,0.0311,8,4,NA,NA,NA,HIGH,ABAR,9
2212,ABAR,C,C51,7,C51-7,NA,23/09/2016,12/12/2016,80,0,1,0.4607,0.0417,12,6,NA,NA,NA,HIGH,ABAR,9
2213,ABAR,C,C51,8,C51-8,NA,23/09/2016,12/12/2016,80,0,1,0.3394,0.0162,NA,NA,NA,NA,NA,HIGH,ABAR,9
2214,ABAR,C,C51,9,C51-9,NA,23/09/2016,12/12/2016,80,0,1,0.2481,0.071,8,4,NA,NA,NA,HIGH,ABAR,9
2215,ABAR,C,C52,1,C52-1,NA,23/09/2016,12/12/2016,80,0,1,0.0491,0.0058,2,1,NA,NA,NA,LOW,ABAR,12
2216,ABAR,C,C52,2,C52-2,NA,23/09/2016,12/12/2016,80,0,1,0.1119,0.004,NA,NA,NA,NA,NA,LOW,ABAR,12
2217,ABAR,C,C52,3,C52-3,NA,23/09/2016,12/12/2016,80,0,1,0.0564,0.0036,NA,NA,NA,NA,NA,LOW,ABAR,12
2218,ABAR,C,C52,4,C52-4,NA,23/09/2016,12/12/2016,80,0,1,0.0572,0.002,NA,NA,NA,NA,NA,LOW,ABAR,12
2219,ABAR,C,C52,5,C52-5,NA,23/09/2016,12/12/2016,80,0,1,0.0728,0.0079,2,1,NA,NA,NA,LOW,ABAR,12
2220,ABAR,C,C52,6,C52-6,NA,23/09/2016,12/12/2016,80,0,1,0.0305,NA,NA,NA,NA,NA,NA,LOW,ABAR,12
2221,ABAR,C,C52,7,C52-7,NA,23/09/2016,12/12/2016,80,0,1,0.0348,0.0015,NA,NA,NA,NA,NA,LOW,ABAR,12
2222,ABAR,C,C52,8,C52-8,NA,23/09/2016,12/12/2016,80,0,1,0.0568,0.0111,4,2,3.249,0.0054,601.6666666666666,LOW,ABAR,12
2223,ABAR,C,C52,9,C52-9,NA,23/09/2016,12/12/2016,80,0,1,0.058,0.0021,NA,NA,NA,NA,NA,LOW,ABAR,12
2224,ABAR,C,C52,10,C52-10,NA,23/09/2016,12/12/2016,80,0,1,0.0243,0.0053,2,1,NA,NA,NA,LOW,ABAR,12
2225,ABAR,C,C52,11,C52-11,NA,23/09/2016,12/12/2016,80,0,1,0.0417,0.0086,4,2,NA,NA,NA,LOW,ABAR,12
2226,ABAR,C,C52,12,C52-12,NA,23/09/2016,12/12/2016,80,0,1,0.0651,0.0031,NA,NA,NA,NA,NA,LOW,ABAR,12
2227,ABAR,C,C53,1,C53-1,NA,23/09/2016,12/12/2016,80,0,1,0.0624,0.0059,NA,NA,NA,NA,NA,MED,ABAR,12
2228,ABAR,C,C53,2,C53-2,NA,23/09/2016,12/12/2016,80,0,1,0.2191,0.0259,6,3,NA,NA,NA,MED,ABAR,12
2229,ABAR,C,C53,3,C53-3,NA,23/09/2016,12/12/2016,80,0,1,0.1166,0.0068,NA,NA,NA,NA,NA,MED,ABAR,12
2230,ABAR,C,C53,4,C53-4,NA,23/09/2016,12/12/2016,80,0,1,0.116,0.0067,NA,NA,NA,NA,NA,MED,ABAR,12
2231,ABAR,C,C53,5,C53-5,NA,23/09/2016,12/12/2016,80,0,1,0.1147,0.0495,12,6,NA,NA,NA,MED,ABAR,12
2232,ABAR,C,C53,6,C53-6,NA,23/09/2016,12/12/2016,80,0,1,0.0955,0.0228,4,2,NA,NA,NA,MED,ABAR,12
2233,ABAR,C,C53,7,C53-7,NA,23/09/2016,12/12/2016,80,0,1,0.1119,0.0379,12,6,NA,NA,NA,MED,ABAR,12
2234,ABAR,C,C53,8,C53-8,NA,23/09/2016,12/12/2016,80,0,1,0.1068,0.0308,12,6,7.279,0.0136,535.2205882352941,MED,ABAR,12
2235,ABAR,C,C53,9,C53-9,NA,23/09/2016,12/12/2016,80,0,1,0.2104,0.0212,8,4,NA,NA,NA,MED,ABAR,12
2236,ABAR,C,C53,10,C53-10,NA,23/09/2016,12/12/2016,80,0,1,0.0923,0.0043,NA,NA,NA,NA,NA,MED,ABAR,12
2237,ABAR,C,C53,11,C53-11,NA,23/09/2016,12/12/2016,80,0,1,0.176,0.0068,NA,NA,NA,NA,NA,MED,ABAR,12
2238,ABAR,C,C53,12,C53-12,NA,23/09/2016,12/12/2016,80,0,1,0.2507,0.0325,6,3,NA,NA,NA,MED,ABAR,12
2239,ABAR,C,C54,1,C54-1,NA,23/09/2016,12/12/2016,80,0,1,0.3938,0.0044,NA,NA,NA,NA,NA,HIGH,ABAR,11
2240,ABAR,C,C54,2,C54-2,NA,23/09/2016,12/12/2016,80,0,1,0.2328,0.0513,10,5,NA,NA,NA,HIGH,ABAR,11
2241,ABAR,C,C54,3,C54-3,NA,23/09/2016,12/12/2016,80,0,1,0.1634,0.0144,2,1,NA,NA,NA,HIGH,ABAR,11
2242,ABAR,C,C54,4,C54-4,NA,23/09/2016,12/12/2016,80,0,1,0.3313,0.0894,18,9,2.5490000000000004,0.0072,354.02777777777783,HIGH,ABAR,11
2243,ABAR,C,C54,5,C54-5,NA,23/09/2016,12/12/2016,80,0,1,0.0921,0.0078,NA,NA,NA,NA,NA,HIGH,ABAR,11
2244,ABAR,C,C54,6,C54-6,NA,23/09/2016,12/12/2016,80,0,1,0.2741,0.0396,8,4,NA,NA,NA,HIGH,ABAR,11
2246,ABAR,C,C54,8,C54-8,NA,23/09/2016,12/12/2016,80,0,1,0.171,0.0192,NA,NA,NA,NA,NA,HIGH,ABAR,11
2247,ABAR,C,C54,9,C54-9,NA,23/09/2016,12/12/2016,80,0,1,0.2251,0.0592,20,10,NA,NA,NA,HIGH,ABAR,11
2248,ABAR,C,C54,10,C54-10,NA,23/09/2016,12/12/2016,80,0,1,0.1743,0.0135,NA,NA,NA,NA,NA,HIGH,ABAR,11
2249,ABAR,C,C54,11,C54-11,NA,23/09/2016,12/12/2016,80,0,1,0.1881,0.0278,4,2,NA,NA,NA,HIGH,ABAR,11
2250,ABAR,C,C54,12,C54-12,NA,23/09/2016,12/12/2016,80,0,1,0.2571,0.0436,12,6,NA,NA,NA,HIGH,ABAR,11
2255,ABAR,C,C55,5,C55-5,NA,23/09/2016,12/12/2016,80,0,1,0.225,0.0336,12,6,4.932,0.0108,456.6666666666667,LOW,ABAR,5
2256,ABAR,C,C55,6,C55-6,NA,23/09/2016,12/12/2016,80,0,1,0.1303,0.0935,12,6,NA,NA,NA,LOW,ABAR,5
2260,ABAR,C,C56,4,C56-4,NA,23/09/2016,12/12/2016,80,0,1,0.3207,0.0154,6,3,9.315999999999999,0.021,443.61904761904754,MED,ABAR,6
2261,ABAR,C,C56,5,C56-5,NA,23/09/2016,12/12/2016,80,0,1,0.2003,0.0519,16,8,NA,NA,NA,MED,ABAR,6
2262,ABAR,C,C56,6,C56-6,NA,23/09/2016,12/12/2016,80,0,1,0.3074,0.0309,4,2,NA,NA,NA,MED,ABAR,6
2264,ABAR,C,C57,2,C57-2,NA,23/09/2016,13/12/2016,81,0,1,0.5434,0.0378,8,4,NA,NA,NA,HIGH,ABAR,6
2265,ABAR,C,C57,3,C57-3,NA,23/09/2016,13/12/2016,81,0,1,0.3085,0.0475,12,6,NA,NA,NA,HIGH,ABAR,6
2266,ABAR,C,C57,4,C57-4,NA,23/09/2016,13/12/2016,81,0,1,0.7241,0.0688,14,7,NA,NA,NA,HIGH,ABAR,6
2269,ABAR,C,C58,1,C58-1,NA,23/09/2016,12/12/2016,80,0,1,0.0587,0.0237,6,3,NA,NA,NA,LOW,ABAR,9
2270,ABAR,C,C58,2,C58-2,NA,23/09/2016,12/12/2016,80,0,1,0.0447,0.0119,4,2,NA,NA,NA,LOW,ABAR,9
2271,ABAR,C,C58,3,C58-3,NA,23/09/2016,12/12/2016,80,0,1,0.099,0.0039,NA,NA,NA,NA,NA,LOW,ABAR,9
2272,ABAR,C,C58,4,C58-4,NA,23/09/2016,12/12/2016,80,0,1,0.092,0.0302,8,4,NA,NA,NA,LOW,ABAR,9
2274,ABAR,C,C58,6,C58-6,NA,23/09/2016,12/12/2016,80,0,1,0.1305,0.0043,NA,NA,NA,NA,NA,LOW,ABAR,9
2275,ABAR,C,C58,7,C58-7,NA,23/09/2016,12/12/2016,80,0,1,0.1185,0.0218,8,4,NA,NA,NA,LOW,ABAR,9
2278,ABAR,C,C59,1,C59-1,NA,23/09/2016,12/12/2016,80,0,1,0.2421,0.0288,8,4,NA,NA,NA,MED,ABAR,8
2282,ABAR,C,C59,5,C59-5,NA,23/09/2016,12/12/2016,80,0,1,0.087,0.017,2,1,NA,NA,NA,MED,ABAR,8
2283,ABAR,C,C59,6,C59-6,NA,23/09/2016,12/12/2016,80,0,1,0.2614,0.0171,2,1,NA,NA,NA,MED,ABAR,8
2284,ABAR,C,C59,7,C59-7,NA,23/09/2016,12/12/2016,80,0,1,0.1463,0.022,10,5,NA,NA,NA,MED,ABAR,8
2285,ABAR,C,C59,8,C59-8,NA,23/09/2016,12/12/2016,80,0,1,0.2642,0.0113,NA,NA,NA,NA,NA,MED,ABAR,8
2286,ABAR,C,C59,9,C59-9,NA,23/09/2016,12/12/2016,80,0,1,0.2284,0.0858,14,7,NA,NA,NA,MED,ABAR,8
2287,ABAR,C,C60,1,C60-1,NA,23/09/2016,12/12/2016,80,0,1,0.2995,0.0271,6,3,NA,NA,NA,HIGH,ABAR,8
2288,ABAR,C,C60,2,C60-2,NA,23/09/2016,12/12/2016,80,0,1,0.436,0.1452,22,11,NA,NA,NA,HIGH,ABAR,8
2290,ABAR,C,C60,4,C60-4,NA,23/09/2016,12/12/2016,80,0,1,0.3609,0.0507,8,4,NA,NA,NA,HIGH,ABAR,8
2291,ABAR,C,C60,5,C60-5,NA,23/09/2016,12/12/2016,80,0,1,0.5036,0.0508,12,6,NA,NA,NA,HIGH,ABAR,8
2292,ABAR,C,C60,6,C60-6,NA,23/09/2016,12/12/2016,80,0,1,0.3053,0.0338,6,3,NA,NA,NA,HIGH,ABAR,8
2293,ABAR,C,C60,7,C60-7,NA,23/09/2016,12/12/2016,80,0,1,0.8075,0.0344,6,3,NA,NA,NA,HIGH,ABAR,8
2296,ABAR,C,C61,1,C61-1,NA,23/09/2016,13/12/2016,81,0,1,0.0414,0.0076,4,2,NA,NA,NA,LOW,ABAR,12
2298,ABAR,C,C61,3,C61-3,NA,23/09/2016,13/12/2016,81,0,1,0.0658,0.0057,2,1,NA,NA,NA,LOW,ABAR,12
2299,ABAR,C,C61,4,C61-4,NA,23/09/2016,13/12/2016,81,0,1,0.098,0.003,NA,NA,NA,NA,NA,LOW,ABAR,12
2301,ABAR,C,C61,6,C61-6,NA,23/09/2016,13/12/2016,81,0,1,0.0768,0.0033,NA,NA,NA,NA,NA,LOW,ABAR,12
2302,ABAR,C,C61,7,C61-7,NA,23/09/2016,13/12/2016,81,0,1,0.0148,0.0028,2,1,NA,NA,NA,LOW,ABAR,12
2303,ABAR,C,C61,8,C61-8,NA,23/09/2016,13/12/2016,81,0,1,0.069,0.0062,2,1,NA,NA,NA,LOW,ABAR,12
2304,ABAR,C,C61,9,C61-9,NA,23/09/2016,13/12/2016,81,0,1,0.0436,0.0014,NA,NA,NA,NA,NA,LOW,ABAR,12
2305,ABAR,C,C61,10,C61-10,NA,23/09/2016,13/12/2016,81,0,1,0.047,0.0075,4,2,NA,NA,NA,LOW,ABAR,12
2307,ABAR,C,C61,12,C61-12,NA,23/09/2016,13/12/2016,81,0,1,0.0585,0.002,NA,NA,NA,NA,NA,LOW,ABAR,12
2309,ABAR,C,C62,2,C62-2,NA,23/09/2016,12/12/2016,80,0,1,0.2558,0.0122,NA,NA,NA,NA,NA,MED,ABAR,12
2311,ABAR,C,C62,4,C62-4,NA,23/09/2016,12/12/2016,80,0,1,0.0538,0.002,NA,NA,NA,NA,NA,MED,ABAR,12
2312,ABAR,C,C62,5,C62-5,NA,23/09/2016,12/12/2016,80,0,1,0.1718,0.0111,2,1,NA,NA,NA,MED,ABAR,12
2313,ABAR,C,C62,6,C62-6,NA,23/09/2016,12/12/2016,80,0,1,0.1236,0.0099,NA,NA,NA,NA,NA,MED,ABAR,12
2314,ABAR,C,C62,7,C62-7,NA,23/09/2016,12/12/2016,80,0,1,0.2064,0.0103,2,1,NA,NA,NA,MED,ABAR,12
2315,ABAR,C,C62,8,C62-8,NA,23/09/2016,12/12/2016,80,0,1,0.1153,NA,NA,NA,NA,NA,NA,MED,ABAR,12
2316,ABAR,C,C62,9,C62-9,NA,23/09/2016,12/12/2016,80,0,1,0.1159,0.0089,2,1,NA,NA,NA,MED,ABAR,12
2317,ABAR,C,C62,10,C62-10,NA,23/09/2016,12/12/2016,80,0,1,0.1585,0.009,2,1,NA,NA,NA,MED,ABAR,12
2319,ABAR,C,C62,12,C62-12,NA,23/09/2016,12/12/2016,80,0,1,0.1802,0.0055,NA,NA,NA,NA,NA,MED,ABAR,12
2322,ABAR,C,C63,3,C63-3,NA,23/09/2016,12/12/2016,80,0,1,0.218,0.0382,4,2,NA,NA,NA,HIGH,ABAR,12
2323,ABAR,C,C63,4,C63-4,NA,23/09/2016,12/12/2016,80,0,1,0.3202,0.0677,8,4,NA,NA,NA,HIGH,ABAR,12
2324,ABAR,C,C63,5,C63-5,NA,23/09/2016,12/12/2016,80,0,1,0.12,0.0129,2,1,NA,NA,NA,HIGH,ABAR,12
2325,ABAR,C,C63,6,C63-6,NA,23/09/2016,12/12/2016,80,0,1,0.1872,0.0123,2,1,NA,NA,NA,HIGH,ABAR,12
2326,ABAR,C,C63,7,C63-7,NA,23/09/2016,12/12/2016,80,0,1,0.3196,0.0294,6,3,NA,NA,NA,HIGH,ABAR,12
2328,ABAR,C,C63,9,C63-9,NA,23/09/2016,12/12/2016,80,0,1,0.2771,0.0288,2,1,NA,NA,NA,HIGH,ABAR,12
2329,ABAR,C,C63,10,C63-10,NA,23/09/2016,12/12/2016,80,0,1,0.4221,0.0472,8,4,NA,NA,NA,HIGH,ABAR,12
2330,ABAR,C,C63,11,C63-11,NA,23/09/2016,12/12/2016,80,0,1,0.2441,0.0162,2,1,NA,NA,NA,HIGH,ABAR,12
2331,ABAR,C,C63,12,C63-12,NA,23/09/2016,12/12/2016,80,0,1,0.2862,0.0725,26,13,NA,NA,NA,HIGH,ABAR,12
2332,ABAR,C,C64,1,C64-1,NA,23/09/2016,12/12/2016,80,0,1,0.0928,0.0072,NA,NA,NA,NA,NA,LOW,ABAR,8
2334,ABAR,C,C64,3,C64-3,NA,23/09/2016,12/12/2016,80,0,1,0.092,0.0105,2,1,NA,NA,NA,LOW,ABAR,8
2335,ABAR,C,C64,4,C64-4,NA,23/09/2016,12/12/2016,80,0,1,0.1154,0.0574,22,11,NA,NA,NA,LOW,ABAR,8
2341,ABAR,C,C65,1,C65-1,NA,23/09/2016,9/12/2016,77,0,1,0.1203,0.0243,4,2,NA,NA,NA,MED,ABAR,9
2342,ABAR,C,C65,2,C65-2,NA,23/09/2016,9/12/2016,77,0,1,0.311,0.0677,8,4,NA,NA,NA,MED,ABAR,9
2344,ABAR,C,C65,4,C65-4,NA,23/09/2016,9/12/2016,77,0,1,0.3344,0.061,10,5,NA,NA,NA,MED,ABAR,9
2355,ABAR,C,C66,6,C66-6,NA,23/09/2016,9/12/2016,77,0,1,0.3692,0.0438,4,2,NA,NA,NA,HIGH,ABAR,9
2356,ABAR,C,C66,7,C66-7,NA,23/09/2016,9/12/2016,77,0,1,0.3939,0.1334,28,14,NA,NA,NA,HIGH,ABAR,9
2357,ABAR,C,C66,8,C66-8,NA,23/09/2016,9/12/2016,77,0,1,0.478,0.1467,34,17,NA,NA,NA,HIGH,ABAR,9
2359,ABAR,C,C67,1,C67-1,NA,23/09/2016,9/12/2016,77,0,1,0.0709,0.0125,8,4,3.6370000000000005,0.0081,449.0123456790124,LOW,ABAR,12
2362,ABAR,C,C67,4,C67-4,NA,23/09/2016,9/12/2016,77,0,1,0.0495,0.0101,4,2,NA,NA,NA,LOW,ABAR,12
2365,ABAR,C,C67,7,C67-7,NA,23/09/2016,9/12/2016,77,0,1,0.0656,0.0117,4,2,NA,NA,NA,LOW,ABAR,12
2368,ABAR,C,C67,10,C67-10,NA,23/09/2016,9/12/2016,77,0,1,0.075,0.0224,8,4,NA,NA,NA,LOW,ABAR,12
2369,ABAR,C,C67,11,C67-11,NA,23/09/2016,9/12/2016,77,0,1,0.0742,0.0175,6,3,NA,NA,NA,LOW,ABAR,12
2370,ABAR,C,C67,12,C67-12,NA,23/09/2016,9/12/2016,77,0,1,0.0441,0.0065,2,1,NA,NA,NA,LOW,ABAR,12
2371,ABAR,C,C68,1,C68-1,NA,23/09/2016,12/12/2016,80,0,1,0.1537,0.0065,NA,NA,NA,NA,NA,MED,ABAR,12
2376,ABAR,C,C68,6,C68-6,NA,23/09/2016,12/12/2016,80,0,1,0.0849,0.0247,6,3,NA,NA,NA,MED,ABAR,12
2377,ABAR,C,C68,7,C68-7,NA,23/09/2016,12/12/2016,80,0,1,0.1294,0.0415,16,8,3.673,0.0106,346.50943396226415,MED,ABAR,12
2378,ABAR,C,C68,8,C68-8,NA,23/09/2016,12/12/2016,80,0,1,0.3132,0.0216,4,2,NA,NA,NA,MED,ABAR,12
2379,ABAR,C,C68,9,C68-9,NA,23/09/2016,12/12/2016,80,0,1,0.2109,0.0079,NA,NA,NA,NA,NA,MED,ABAR,12
2382,ABAR,C,C68,12,C68-12,NA,23/09/2016,12/12/2016,80,0,1,0.2002,0.0112,NA,NA,NA,NA,NA,MED,ABAR,12
2387,ABAR,C,C69,5,C69-5,NA,23/09/2016,12/12/2016,80,0,1,0.2455,0.0252,4,2,NA,NA,NA,HIGH,ABAR,12
2388,ABAR,C,C69,6,C69-6,NA,23/09/2016,12/12/2016,80,0,1,0.1477,0.0339,12,6,NA,NA,NA,HIGH,ABAR,12
2389,ABAR,C,C69,7,C69-7,NA,23/09/2016,12/12/2016,80,0,1,0.3037,0.0381,4,2,NA,NA,NA,HIGH,ABAR,12
2390,ABAR,C,C69,8,C69-8,NA,23/09/2016,12/12/2016,80,0,1,0.3048,0.0799,10,5,NA,NA,NA,HIGH,ABAR,12
2393,ABAR,C,C69,11,C69-11,NA,23/09/2016,12/12/2016,80,0,1,0.4283,0.0411,8,4,NA,NA,NA,HIGH,ABAR,12
2394,ABAR,C,C69,12,C69-12,NA,23/09/2016,12/12/2016,80,0,1,0.4484,0.0926,18,9,NA,NA,NA,HIGH,ABAR,12
2396,ABAR,C,C70,2,C70-2,NA,23/09/2016,13/12/2016,81,0,1,0.0593,0.0194,8,4,NA,NA,NA,LOW,ABAR,12
2397,ABAR,C,C70,3,C70-3,NA,23/09/2016,13/12/2016,81,0,1,0.0959,0.0126,6,3,NA,NA,NA,LOW,ABAR,12
2404,ABAR,C,C70,10,C70-10,NA,23/09/2016,13/12/2016,81,0,1,0.1126,0.0039,NA,NA,NA,NA,NA,LOW,ABAR,12
2408,ABAR,C,C71,2,C71-2,NA,23/09/2016,9/12/2016,77,0,1,0.0787,0.0124,8,4,NA,NA,NA,MED,ABAR,10
2409,ABAR,C,C71,3,C71-3,NA,23/09/2016,9/12/2016,77,0,1,0.3916,0.1317,28,14,NA,NA,NA,MED,ABAR,10
2413,ABAR,C,C71,7,C71-7,NA,23/09/2016,9/12/2016,77,0,1,0.2024,0.0843,18,9,NA,NA,NA,MED,ABAR,10
2423,ABAR,C,C72,5,C72-5,NA,23/09/2016,9/12/2016,77,0,1,0.3339,0.0725,14,7,NA,NA,NA,HIGH,ABAR,12
2428,ABAR,C,C72,10,C72-10,NA,23/09/2016,9/12/2016,77,0,1,0.5403,0.0631,10,5,NA,NA,NA,HIGH,ABAR,12
2429,ABAR,C,C72,11,C72-11,NA,23/09/2016,9/12/2016,77,0,1,0.4173,0.0722,8,4,NA,NA,NA,HIGH,ABAR,12
3061,ABAR,D,D43,1,D43-1,NA,22/09/2016,7/12/2016,76,0,1,0.1114,0.0229,2,1,NA,NA,NA,LOW,ABAR,3
3062,ABAR,D,D43,2,D43-2,NA,22/09/2016,7/12/2016,76,0,1,0.1754,0.0524,8,4,NA,NA,NA,LOW,ABAR,3
3063,ABAR,D,D43,3,D43-3,NA,22/09/2016,7/12/2016,76,0,1,0.145,0.0275,4,2,NA,NA,NA,LOW,ABAR,3
3064,ABAR,D,D44,1,D44-1,NA,22/09/2016,8/12/2016,77,0,1,0.4409,0.1212,34,17,NA,NA,NA,MED,ABAR,3
3065,ABAR,D,D44,2,D44-2,NA,22/09/2016,8/12/2016,77,0,1,0.4341,0.1331,24,12,NA,NA,NA,MED,ABAR,3
3066,ABAR,D,D44,3,D44-3,NA,22/09/2016,8/12/2016,77,0,1,0.529,0.1577,42,21,NA,NA,NA,MED,ABAR,3
3067,ABAR,D,D45,1,D45-1,NA,22/09/2016,8/12/2016,77,0,1,0.7904,0.1328,36,18,NA,NA,NA,HIGH,ABAR,3
3068,ABAR,D,D45,2,D45-2,NA,22/09/2016,8/12/2016,77,0,1,0.354,0.0658,14,7,NA,NA,NA,HIGH,ABAR,3
3069,ABAR,D,D45,3,D45-3,NA,22/09/2016,8/12/2016,77,0,1,1.2915,0.2098,62,31,NA,NA,NA,HIGH,ABAR,3
3070,ABAR,D,D46,1,D46-1,NA,22/09/2016,7/12/2016,76,0,1,0.1151,0.0294,6,3,NA,NA,NA,LOW,ABAR,6
3071,ABAR,D,D46,2,D46-2,NA,22/09/2016,7/12/2016,76,0,1,0.1503,NA,NA,NA,6.920999999999999,0.0157,440.828025477707,LOW,ABAR,6
3072,ABAR,D,D46,3,D46-3,NA,22/09/2016,7/12/2016,76,0,1,0.0234,0.0279,10,5,NA,NA,NA,LOW,ABAR,6
3073,ABAR,D,D46,4,D46-4,NA,22/09/2016,7/12/2016,76,0,1,0.114,NA,NA,NA,NA,NA,NA,LOW,ABAR,6
3074,ABAR,D,D46,5,D46-5,NA,22/09/2016,7/12/2016,76,0,1,0.1091,0.0222,6,3,NA,NA,NA,LOW,ABAR,6
3075,ABAR,D,D46,6,D46-6,NA,22/09/2016,7/12/2016,76,0,1,0.0499,0.0183,4,2,NA,NA,NA,LOW,ABAR,6
3076,ABAR,D,D47,1,D47-1,NA,22/09/2016,8/12/2016,77,0,1,0.2563,0.0434,12,6,NA,NA,NA,MED,ABAR,6
3077,ABAR,D,D47,2,D47-2,NA,22/09/2016,8/12/2016,77,0,1,0.2077,0.0733,14,7,NA,NA,NA,MED,ABAR,6
3078,ABAR,D,D47,3,D47-3,NA,22/09/2016,8/12/2016,77,0,1,0.1231,0.0256,8,4,9.690999999999999,0.0159,609.4968553459119,MED,ABAR,6
3079,ABAR,D,D47,4,D47-4,NA,22/09/2016,8/12/2016,77,0,1,0.3424,0.1131,22,11,NA,NA,NA,MED,ABAR,6
3080,ABAR,D,D47,5,D47-5,NA,22/09/2016,8/12/2016,77,0,1,0.2764,0.0987,16,8,NA,NA,NA,MED,ABAR,6
3081,ABAR,D,D47,6,D47-6,NA,22/09/2016,8/12/2016,77,0,1,0.2446,0.047,8,4,NA,NA,NA,MED,ABAR,6
3082,ABAR,D,D48,1,D48-1,NA,22/09/2016,8/12/2016,77,0,1,0.5132,0.1967,34,17,10.493,0.0237,442.7426160337553,HIGH,ABAR,6
3083,ABAR,D,D48,2,D48-2,NA,22/09/2016,8/12/2016,77,0,1,0.2576,0.0912,18,9,NA,NA,NA,HIGH,ABAR,6
3084,ABAR,D,D48,3,D48-3,NA,22/09/2016,8/12/2016,77,0,1,0.5212,0.1374,18,9,NA,NA,NA,HIGH,ABAR,6
3085,ABAR,D,D48,4,D48-4,NA,22/09/2016,8/12/2016,77,0,1,0.2727,0.0641,14,7,NA,NA,NA,HIGH,ABAR,6
3086,ABAR,D,D48,5,D48-5,NA,22/09/2016,8/12/2016,77,0,1,0.4621,0.0164,32,16,NA,NA,NA,HIGH,ABAR,6
3087,ABAR,D,D48,6,D48-6,NA,22/09/2016,8/12/2016,77,0,1,0.2191,0.0631,14,7,NA,NA,NA,HIGH,ABAR,6
3088,ABAR,D,D49,1,D49-1,NA,22/09/2016,8/12/2016,77,0,1,0.0519,0.0198,2,1,NA,NA,NA,LOW,ABAR,9
3089,ABAR,D,D49,2,D49-2,NA,22/09/2016,8/12/2016,77,0,1,0.0584,0.0163,6,3,NA,NA,NA,LOW,ABAR,9
3090,ABAR,D,D49,3,D49-3,NA,22/09/2016,8/12/2016,77,0,1,0.0644,0.0111,4,2,NA,NA,NA,LOW,ABAR,9
3091,ABAR,D,D49,4,D49-4,NA,22/09/2016,8/12/2016,77,0,1,0.0395,0.009,4,2,NA,NA,NA,LOW,ABAR,9
3092,ABAR,D,D49,5,D49-5,NA,22/09/2016,8/12/2016,77,0,1,0.0609,0.0075,2,1,NA,NA,NA,LOW,ABAR,9
3093,ABAR,D,D49,6,D49-6,NA,22/09/2016,8/12/2016,77,0,1,0.0647,0.015,6,3,NA,NA,NA,LOW,ABAR,9
3094,ABAR,D,D49,7,D49-7,NA,22/09/2016,8/12/2016,77,0,1,0.0465,0.0096,4,2,NA,NA,NA,LOW,ABAR,9
3095,ABAR,D,D49,8,D49-8,NA,22/09/2016,8/12/2016,77,0,1,0.0418,0.0097,4,2,NA,NA,NA,LOW,ABAR,9
3096,ABAR,D,D49,9,D49-9,NA,22/09/2016,8/12/2016,77,0,1,0.0621,0.0174,4,2,NA,NA,NA,LOW,ABAR,9
3097,ABAR,D,D50,1,D50-1,NA,22/09/2016,7/12/2016,76,0,1,0.108,0.0212,8,4,NA,NA,NA,MED,ABAR,9
3098,ABAR,D,D50,2,D50-2,NA,22/09/2016,7/12/2016,76,0,1,0.2387,0.0205,4,2,NA,NA,NA,MED,ABAR,9
3099,ABAR,D,D50,3,D50-3,NA,22/09/2016,7/12/2016,76,0,1,0.0322,0.0072,4,2,NA,NA,NA,MED,ABAR,9
3100,ABAR,D,D50,4,D50-4,NA,22/09/2016,7/12/2016,76,0,1,0.0498,0.0056,4,2,NA,NA,NA,MED,ABAR,9
3101,ABAR,D,D50,5,D50-5,NA,22/09/2016,7/12/2016,76,0,1,0.2659,0.0464,12,6,NA,NA,NA,MED,ABAR,9
3102,ABAR,D,D50,6,D50-6,NA,22/09/2016,7/12/2016,76,0,1,0.1935,0.0338,12,6,NA,NA,NA,MED,ABAR,9
3103,ABAR,D,D50,7,D50-7,NA,22/09/2016,7/12/2016,76,0,1,0.0921,0.0155,6,3,NA,NA,NA,MED,ABAR,9
3104,ABAR,D,D50,8,D50-8,NA,22/09/2016,7/12/2016,76,0,1,0.2687,0.0354,8,4,NA,NA,NA,MED,ABAR,9
3105,ABAR,D,D50,9,D50-9,NA,22/09/2016,7/12/2016,76,0,1,0.284,0.0325,8,4,NA,NA,NA,MED,ABAR,9
3106,ABAR,D,D51,1,D51-1,NA,22/09/2016,8/12/2016,77,0,1,0.3875,0.1227,28,14,NA,NA,NA,HIGH,ABAR,9
3107,ABAR,D,D51,2,D51-2,NA,22/09/2016,8/12/2016,77,0,1,0.196,0.0258,10,5,NA,NA,NA,HIGH,ABAR,9
3108,ABAR,D,D51,3,D51-3,NA,22/09/2016,8/12/2016,77,0,1,0.3175,0.0517,10,5,NA,NA,NA,HIGH,ABAR,9
3109,ABAR,D,D51,4,D51-4,NA,22/09/2016,8/12/2016,77,0,1,0.2676,0.0543,8,4,NA,NA,NA,HIGH,ABAR,9
3110,ABAR,D,D51,5,D51-5,NA,22/09/2016,8/12/2016,77,0,1,0.4911,0.1021,26,13,NA,NA,NA,HIGH,ABAR,9
3111,ABAR,D,D51,6,D51-6,NA,22/09/2016,8/12/2016,77,0,1,0.2309,0.0407,6,3,NA,NA,NA,HIGH,ABAR,9
3112,ABAR,D,D51,7,D51-7,NA,22/09/2016,8/12/2016,77,0,1,0.1807,0.0274,8,4,NA,NA,NA,HIGH,ABAR,9
3113,ABAR,D,D51,8,D51-8,NA,22/09/2016,8/12/2016,77,0,1,0.2462,0.0892,16,8,NA,NA,NA,HIGH,ABAR,9
3114,ABAR,D,D51,9,D51-9,NA,22/09/2016,8/12/2016,77,0,1,0.3215,0.0484,8,4,NA,NA,NA,HIGH,ABAR,9
3115,ABAR,D,D52,1,D52-1,NA,22/09/2016,8/12/2016,77,0,1,0.0957,0.0083,4,2,NA,NA,NA,LOW,ABAR,12
3116,ABAR,D,D52,2,D52-2,NA,22/09/2016,8/12/2016,77,0,1,0.0649,0.0055,2,1,NA,NA,NA,LOW,ABAR,12
3117,ABAR,D,D52,3,D52-3,NA,22/09/2016,8/12/2016,77,0,1,0.0303,0.0078,2,1,NA,NA,NA,LOW,ABAR,12
3118,ABAR,D,D52,4,D52-4,NA,22/09/2016,8/12/2016,77,0,1,0.0536,0.0094,4,2,2.3600000000000003,0.0052,453.8461538461539,LOW,ABAR,12
3119,ABAR,D,D52,5,D52-5,NA,22/09/2016,8/12/2016,77,0,1,0.1045,0.01,4,2,NA,NA,NA,LOW,ABAR,12
3120,ABAR,D,D52,6,D52-6,NA,22/09/2016,8/12/2016,77,0,1,0.0352,0.0018,4,2,NA,NA,NA,LOW,ABAR,12
3121,ABAR,D,D52,7,D52-7,NA,22/09/2016,8/12/2016,77,0,1,0.0323,0.0033,2,1,NA,NA,NA,LOW,ABAR,12
3122,ABAR,D,D52,8,D52-8,NA,22/09/2016,8/12/2016,77,0,1,0.0454,0.0064,4,2,NA,NA,NA,LOW,ABAR,12
3123,ABAR,D,D52,9,D52-9,NA,22/09/2016,8/12/2016,77,0,1,0.042,0.0093,4,2,NA,NA,NA,LOW,ABAR,12
3124,ABAR,D,D52,10,D52-10,NA,22/09/2016,8/12/2016,77,0,1,0.0867,0.0077,2,1,NA,NA,NA,LOW,ABAR,12
3125,ABAR,D,D52,11,D52-11,NA,22/09/2016,8/12/2016,77,0,1,0.0462,0,2,0,NA,NA,NA,LOW,ABAR,12
3126,ABAR,D,D52,12,D52-12,NA,22/09/2016,8/12/2016,77,0,1,0.0651,0.0115,6,3,NA,NA,NA,LOW,ABAR,12
3127,ABAR,D,D53,1,D53-1,NA,22/09/2016,8/12/2016,77,0,1,0.097,0.0193,2,1,NA,NA,NA,MED,ABAR,12
3128,ABAR,D,D53,2,D53-2,NA,22/09/2016,8/12/2016,77,0,1,0.1756,0.0238,6,3,NA,NA,NA,MED,ABAR,12
3129,ABAR,D,D53,3,D53-3,NA,22/09/2016,8/12/2016,77,0,1,0.1933,0.0095,NA,NA,NA,NA,NA,MED,ABAR,12
3130,ABAR,D,D53,4,D53-4,NA,22/09/2016,8/12/2016,77,0,1,0.1476,0.0071,NA,NA,NA,NA,NA,MED,ABAR,12
3131,ABAR,D,D53,5,D53-5,NA,22/09/2016,8/12/2016,77,0,1,0.1218,0.0417,12,6,NA,NA,NA,MED,ABAR,12
3132,ABAR,D,D53,6,D53-6,NA,22/09/2016,8/12/2016,77,0,1,0.0795,0.0044,NA,NA,NA,NA,NA,MED,ABAR,12
3133,ABAR,D,D53,7,D53-7,NA,22/09/2016,8/12/2016,77,0,1,0.2217,0.0591,16,8,NA,NA,NA,MED,ABAR,12
3134,ABAR,D,D53,8,D53-8,NA,22/09/2016,8/12/2016,77,0,1,0.0833,0.0175,10,5,8.029,0.0146,549.931506849315,MED,ABAR,12
3135,ABAR,D,D53,9,D53-9,NA,22/09/2016,7/12/2016,76,0,1,0.0932,0.0016,NA,NA,NA,NA,NA,MED,ABAR,12
3136,ABAR,D,D53,10,D53-10,NA,22/09/2016,7/12/2016,76,0,1,0.1322,0.0285,10,5,NA,NA,NA,MED,ABAR,12
3137,ABAR,D,D53,11,D53-11,NA,22/09/2016,7/12/2016,76,0,1,0.0905,0.0137,6,3,NA,NA,NA,MED,ABAR,12
3138,ABAR,D,D53,12,D53-12,NA,22/09/2016,7/12/2016,76,0,1,0.0995,NA,NA,NA,NA,NA,NA,MED,ABAR,12
3139,ABAR,D,D54,1,D54-1,NA,22/09/2016,8/12/2016,77,0,1,0.1536,0.0135,4,2,NA,NA,NA,HIGH,ABAR,12
3140,ABAR,D,D54,2,D54-2,NA,22/09/2016,8/12/2016,77,0,1,0.1341,0.0286,10,5,NA,NA,NA,HIGH,ABAR,12
3141,ABAR,D,D54,3,D54-3,NA,22/09/2016,8/12/2016,77,0,1,0.1606,0.0171,4,2,NA,NA,NA,HIGH,ABAR,12
3142,ABAR,D,D54,4,D54-4,NA,22/09/2016,8/12/2016,77,0,1,0.0874,0.1309,6,3,NA,NA,NA,HIGH,ABAR,12
3143,ABAR,D,D54,5,D54-5,NA,22/09/2016,8/12/2016,77,0,1,0.3222,0.132,22,11,NA,NA,NA,HIGH,ABAR,12
3144,ABAR,D,D54,6,D54-6,NA,22/09/2016,8/12/2016,77,0,1,0.1993,0.0178,4,2,NA,NA,NA,HIGH,ABAR,12
3145,ABAR,D,D54,7,D54-7,NA,22/09/2016,8/12/2016,77,0,1,0.1826,0.0098,NA,NA,NA,NA,NA,HIGH,ABAR,12
3146,ABAR,D,D54,8,D54-8,NA,22/09/2016,8/12/2016,77,0,1,0.2603,0.0396,8,4,NA,NA,NA,HIGH,ABAR,12
3147,ABAR,D,D54,9,D54-9,NA,22/09/2016,8/12/2016,77,0,1,0.2007,0.0145,4,2,NA,NA,NA,HIGH,ABAR,12
3148,ABAR,D,D54,10,D54-10,NA,22/09/2016,8/12/2016,77,0,1,0.1835,0.0423,12,6,NA,NA,NA,HIGH,ABAR,12
3149,ABAR,D,D54,11,D54-11,NA,22/09/2016,8/12/2016,77,0,1,0.2445,0.0728,14,7,NA,NA,NA,HIGH,ABAR,12
3150,ABAR,D,D54,12,D54-12,NA,22/09/2016,8/12/2016,77,0,1,0.2673,0.0888,16,8,NA,NA,NA,HIGH,ABAR,12
3151,ABAR,D,D55,1,D55-1,NA,22/09/2016,7/12/2016,76,0,1,0.1099,0.023,8,4,NA,NA,NA,LOW,ABAR,6
3153,ABAR,D,D55,3,D55-3,NA,22/09/2016,7/12/2016,76,0,1,0.0852,0.0187,8,4,NA,NA,NA,LOW,ABAR,6
3154,ABAR,D,D55,4,D55-4,NA,22/09/2016,7/12/2016,76,0,1,0.1047,0.0402,12,6,4.04,0.0094,429.78723404255317,LOW,ABAR,6
3157,ABAR,D,D56,1,D56-1,NA,22/09/2016,7/12/2016,76,0,1,0.2202,0.0331,16,5,9.542,0.0232,411.2931034482759,MED,ABAR,6
3158,ABAR,D,D56,2,D56-2,NA,22/09/2016,7/12/2016,76,0,1,0.4294,0.081,28,10,NA,NA,NA,MED,ABAR,6
3161,ABAR,D,D56,5,D56-5,NA,22/09/2016,7/12/2016,76,0,1,0.3852,0.0998,24,11,NA,NA,NA,MED,ABAR,6
3165,ABAR,D,D57,3,D57-3,NA,22/09/2016,8/12/2016,77,0,1,0.5618,0.2539,52,26,19.833,0.055,360.59999999999997,HIGH,ABAR,6
3166,ABAR,D,D57,4,D57-4,NA,22/09/2016,7/12/2016,76,0,1,0.8551,0.3504,74,35,NA,NA,NA,HIGH,ABAR,6
3167,ABAR,D,D57,5,D57-5,NA,22/09/2016,7/12/2016,76,0,1,0.4824,0.1115,36,13,NA,NA,NA,HIGH,ABAR,6
3169,ABAR,D,D58,1,D58-1,NA,22/09/2016,8/12/2016,77,0,1,0.0353,0.017,4,2,NA,NA,NA,LOW,ABAR,9
3170,ABAR,D,D58,2,D58-2,NA,22/09/2016,8/12/2016,77,0,1,0.1322,0.0155,6,3,NA,NA,NA,LOW,ABAR,9
3171,ABAR,D,D58,3,D58-3,NA,22/09/2016,8/12/2016,77,0,1,0.0459,0.0103,4,2,NA,NA,NA,LOW,ABAR,9
3172,ABAR,D,D58,4,D58-4,NA,22/09/2016,8/12/2016,77,0,1,0.0873,0.0119,4,2,NA,NA,NA,LOW,ABAR,9
3174,ABAR,D,D58,6,D58-6,NA,22/09/2016,8/12/2016,77,0,1,0.0434,0.0217,4,2,NA,NA,NA,LOW,ABAR,9
3177,ABAR,D,D58,9,D58-9,NA,22/09/2016,8/12/2016,77,0,1,0.0718,NA,NA,NA,NA,NA,NA,LOW,ABAR,9
3179,ABAR,D,D59,2,D59-2,NA,22/09/2016,7/12/2016,76,0,1,0.3405,0.0517,6,3,NA,NA,NA,MED,ABAR,8
3182,ABAR,D,D59,5,D59-5,NA,22/09/2016,7/12/2016,76,0,1,0.1133,0.0444,12,6,NA,NA,NA,MED,ABAR,8
3184,ABAR,D,D59,7,D59-7,NA,22/09/2016,7/12/2016,76,0,1,0.276,0.0667,12,6,NA,NA,NA,MED,ABAR,8
3185,ABAR,D,D59,8,D59-8,NA,22/09/2016,7/12/2016,76,0,1,0.1363,0.0532,10,5,NA,NA,NA,MED,ABAR,8
3186,ABAR,D,D59,9,D59-9,NA,22/09/2016,7/12/2016,76,0,1,0.1819,0.0206,6,3,NA,NA,NA,MED,ABAR,8
3187,ABAR,D,D60,1,D60-1,NA,22/09/2016,8/12/2016,77,0,1,0.4566,0.2455,44,22,NA,NA,NA,HIGH,ABAR,9
3189,ABAR,D,D60,3,D60-3,NA,22/09/2016,8/12/2016,77,0,1,0.2117,0.0371,14,3,NA,NA,NA,HIGH,ABAR,9
3191,ABAR,D,D60,5,D60-5,NA,22/09/2016,8/12/2016,77,0,1,0.3814,0.0702,24,9,NA,NA,NA,HIGH,ABAR,9
3193,ABAR,D,D60,7,D60-7,NA,22/09/2016,8/12/2016,77,0,1,0.4249,0.0653,26,8,NA,NA,NA,HIGH,ABAR,9
3194,ABAR,D,D60,8,D60-8,NA,22/09/2016,8/12/2016,77,0,1,0.2676,0.0717,14,7,NA,NA,NA,HIGH,ABAR,9
3195,ABAR,D,D60,9,D60-9,NA,22/09/2016,8/12/2016,77,0,1,0.349,0.083,20,10,NA,NA,NA,HIGH,ABAR,9
3196,ABAR,D,D61,1,D61-1,NA,22/09/2016,7/12/2016,76,0,1,0.0523,0.0097,4,2,NA,NA,NA,LOW,ABAR,12
3197,ABAR,D,D61,2,D61-2,NA,22/09/2016,7/12/2016,76,0,1,0.0523,0.0075,2,1,NA,NA,NA,LOW,ABAR,12
3198,ABAR,D,D61,3,D61-3,NA,22/09/2016,7/12/2016,76,0,1,0.0481,0.0099,4,2,NA,NA,NA,LOW,ABAR,12
3201,ABAR,D,D61,6,D61-6,NA,22/09/2016,7/12/2016,76,0,1,0.072,0.0085,4,2,NA,NA,NA,LOW,ABAR,12
3202,ABAR,D,D61,7,D61-7,NA,22/09/2016,7/12/2016,76,0,1,0.0241,NA,NA,NA,NA,NA,NA,LOW,ABAR,12
3203,ABAR,D,D61,8,D61-8,NA,22/09/2016,7/12/2016,76,0,1,0.0654,0.0143,6,3,NA,NA,NA,LOW,ABAR,12
3205,ABAR,D,D61,10,D61-10,NA,22/09/2016,7/12/2016,76,0,1,0.0187,0.0031,2,1,NA,NA,NA,LOW,ABAR,12
3206,ABAR,D,D61,11,D61-11,NA,22/09/2016,7/12/2016,76,0,1,0.0952,0.0159,6,3,NA,NA,NA,LOW,ABAR,12
3207,ABAR,D,D61,12,D61-12,NA,22/09/2016,7/12/2016,76,0,1,0.0682,0.0056,2,1,NA,NA,NA,LOW,ABAR,12
3209,ABAR,D,D62,2,D62-2,NA,22/09/2016,8/12/2016,77,0,1,0.0863,0.0178,8,4,NA,NA,NA,MED,ABAR,12
3210,ABAR,D,D62,3,D62-3,NA,22/09/2016,8/12/2016,77,0,1,0.0542,0.0112,4,2,NA,NA,NA,MED,ABAR,12
3211,ABAR,D,D62,4,D62-4,NA,22/09/2016,8/12/2016,77,0,1,0.0947,0.0372,10,5,NA,NA,NA,MED,ABAR,12
3212,ABAR,D,D62,5,D62-5,NA,22/09/2016,8/12/2016,77,0,1,0.22,0.0531,12,6,NA,NA,NA,MED,ABAR,12
3213,ABAR,D,D62,6,D62-6,NA,22/09/2016,8/12/2016,77,0,1,0.1354,0.0533,10,5,NA,NA,NA,MED,ABAR,12
3215,ABAR,D,D62,8,D62-8,NA,22/09/2016,8/12/2016,77,0,1,0.0615,0.015,6,3,NA,NA,NA,MED,ABAR,12
3216,ABAR,D,D62,9,D62-9,NA,22/09/2016,8/12/2016,77,0,1,0.1136,0.0061,NA,NA,NA,NA,NA,MED,ABAR,12
3217,ABAR,D,D62,10,D62-10,NA,22/09/2016,8/12/2016,77,0,1,0.1911,NA,NA,NA,NA,NA,NA,MED,ABAR,12
3219,ABAR,D,D62,12,D62-12,NA,22/09/2016,8/12/2016,77,0,1,0.0157,0.0167,4,2,NA,NA,NA,MED,ABAR,12
3221,ABAR,D,D63,2,D63-2,NA,22/09/2016,7/12/2016,76,0,1,0.3279,NA,NA,NA,NA,NA,NA,HIGH,ABAR,12
3223,ABAR,D,D63,4,D63-4,NA,22/09/2016,7/12/2016,76,0,1,0.2158,0.0551,22,11,NA,NA,NA,HIGH,ABAR,12
3224,ABAR,D,D63,5,D63-5,NA,22/09/2016,7/12/2016,76,0,1,0.2491,0.0683,24,12,NA,NA,NA,HIGH,ABAR,12
3226,ABAR,D,D63,7,D63-7,NA,22/09/2016,7/12/2016,76,0,1,0.1175,0.025,10,5,NA,NA,NA,HIGH,ABAR,12
3227,ABAR,D,D63,8,D63-8,NA,22/09/2016,7/12/2016,76,0,1,0.3559,0.1038,20,10,NA,NA,NA,HIGH,ABAR,12
3228,ABAR,D,D63,9,D63-9,NA,22/09/2016,7/12/2016,76,0,1,0.3066,0.0427,10,5,NA,NA,NA,HIGH,ABAR,12
3230,ABAR,D,D63,11,D63-11,NA,22/09/2016,7/12/2016,76,0,1,0.4303,0.1957,36,18,NA,NA,NA,HIGH,ABAR,12
3231,ABAR,D,D63,12,D63-12,NA,22/09/2016,7/12/2016,76,0,1,0.2853,0.049,16,8,NA,NA,NA,HIGH,ABAR,12
3232,ABAR,D,D64,1,D64-1,NA,22/09/2016,8/12/2016,77,0,1,0.0988,0.104,2,1,NA,NA,NA,LOW,ABAR,9
3235,ABAR,D,D64,4,D64-4,NA,22/09/2016,8/12/2016,77,0,1,0.1333,0.0249,8,4,NA,NA,NA,LOW,ABAR,9
3236,ABAR,D,D64,5,D64-5,NA,22/09/2016,8/12/2016,77,0,1,0.0928,0.0161,8,4,NA,NA,NA,LOW,ABAR,9
3243,ABAR,D,D65,3,D65-3,NA,22/09/2016,7/12/2016,76,0,1,0.2283,0.0249,4,2,NA,NA,NA,MED,ABAR,9
3247,ABAR,D,D65,7,D65-7,NA,22/09/2016,7/12/2016,76,0,1,0.1429,0.0267,4,2,NA,NA,NA,MED,ABAR,9
3248,ABAR,D,D65,8,D65-8,NA,22/09/2016,7/12/2016,76,0,1,0.3085,0.0572,12,6,NA,NA,NA,MED,ABAR,9
3253,ABAR,D,D66,4,D66-4,NA,22/09/2016,8/12/2016,77,0,1,0.2228,0.0541,12,6,10.802,0.0316,341.83544303797464,HIGH,ABAR,9
3254,ABAR,D,D66,5,D66-5,NA,22/09/2016,8/12/2016,77,0,1,0.3565,0.0576,20,10,13.773,0.0331,416.10271903323263,HIGH,ABAR,9
3258,ABAR,D,D66,9,D66-9,NA,22/09/2016,8/12/2016,77,0,1,0.7411,0.1415,28,14,14.495999999999999,0.0369,392.84552845528447,HIGH,ABAR,9
3259,ABAR,D,D67,1,D67-1,NA,22/09/2016,8/12/2016,77,0,1,0.0356,0.0072,4,2,NA,NA,NA,LOW,ABAR,12
3260,ABAR,D,D67,2,D67-2,NA,22/09/2016,8/12/2016,77,0,1,0.0466,0.0058,2,1,NA,NA,NA,LOW,ABAR,12
3261,ABAR,D,D67,3,D67-3,NA,22/09/2016,8/12/2016,77,0,1,0.0363,0.0081,4,2,NA,NA,NA,LOW,ABAR,12
3263,ABAR,D,D67,5,D67-5,NA,22/09/2016,8/12/2016,77,0,1,0.0829,0.0179,8,4,5.7059999999999995,0.0096,594.375,LOW,ABAR,12
3266,ABAR,D,D67,8,D67-8,NA,22/09/2016,8/12/2016,77,0,1,0.1198,0.026,10,5,NA,NA,NA,LOW,ABAR,12
3269,ABAR,D,D67,11,D67-11,NA,22/09/2016,8/12/2016,77,0,1,0.0871,0.0187,8,4,NA,NA,NA,LOW,ABAR,12
3272,ABAR,D,D68,2,D68-2,NA,22/09/2016,8/12/2016,77,0,1,0.1944,0.0299,16,8,NA,NA,NA,MED,ABAR,12
3273,ABAR,D,D68,3,D68-3,NA,22/09/2016,8/12/2016,77,0,1,0.1688,0.0395,12,6,NA,NA,NA,MED,ABAR,12
3274,ABAR,D,D68,4,D68-4,NA,22/09/2016,8/12/2016,77,0,1,0.0757,0.0274,12,6,8.991,0.0147,611.6326530612245,MED,ABAR,12
3278,ABAR,D,D68,8,D68-8,NA,22/09/2016,8/12/2016,77,0,1,0.1117,0.0347,12,6,NA,NA,NA,MED,ABAR,12
3279,ABAR,D,D68,9,D68-9,NA,22/09/2016,8/12/2016,77,0,1,0.2301,0.0692,88,44,NA,NA,NA,MED,ABAR,12
3280,ABAR,D,D68,10,D68-10,NA,22/09/2016,8/12/2016,77,0,1,0.1076,0.0222,12,6,NA,NA,NA,MED,ABAR,12
3283,ABAR,D,D69,1,D69-1,NA,22/09/2016,7/12/2016,76,0,1,0.1522,0.0533,8,4,NA,NA,NA,HIGH,ABAR,12
3284,ABAR,D,D69,2,D69-2,NA,22/09/2016,7/12/2016,76,0,1,0.2728,0.1545,28,14,13.913,0.021,662.5238095238095,HIGH,ABAR,12
3285,ABAR,D,D69,3,D69-3,NA,22/09/2016,7/12/2016,76,0,1,0.2837,0.0956,18,9,6.739,0.011,612.6363636363636,HIGH,ABAR,12
3290,ABAR,D,D69,8,D69-8,NA,22/09/2016,7/12/2016,76,0,1,0.3029,0.0823,14,7,NA,NA,NA,HIGH,ABAR,12
3292,ABAR,D,D69,10,D69-10,NA,22/09/2016,7/12/2016,76,0,1,0.307,0.0844,10,5,NA,NA,NA,HIGH,ABAR,12
3294,ABAR,D,D69,12,D69-12,NA,22/09/2016,7/12/2016,76,0,1,0.3009,0.0677,10,5,NA,NA,NA,HIGH,ABAR,12
3296,ABAR,D,D70,2,D70-2,NA,22/09/2016,8/12/2016,77,0,1,0.0981,0.0194,8,4,NA,NA,NA,LOW,ABAR,12
3302,ABAR,D,D70,8,D70-8,NA,22/09/2016,8/12/2016,77,0,1,0.0341,0.0192,8,4,NA,NA,NA,LOW,ABAR,12
3304,ABAR,D,D70,10,D70-10,NA,22/09/2016,8/12/2016,77,0,1,0.0854,0.0049,2,1,NA,NA,NA,LOW,ABAR,12
3309,ABAR,D,D71,3,D71-3,NA,22/09/2016,7/12/2016,76,0,1,0.2587,0.0444,18,6,NA,NA,NA,MED,ABAR,12
3310,ABAR,D,D71,4,D71-4,NA,22/09/2016,7/12/2016,76,0,1,0.21,0.0169,12,4,NA,NA,NA,MED,ABAR,12
3313,ABAR,D,D71,7,D71-7,NA,22/09/2016,7/12/2016,76,0,1,0.1697,0.0573,10,5,NA,NA,NA,MED,ABAR,12
3322,ABAR,D,D72,4,D72-4,NA,22/09/2016,8/12/2016,77,0,1,0.6307,0.1298,32,9,NA,NA,NA,HIGH,ABAR,12
3328,ABAR,D,D72,10,D72-10,NA,22/09/2016,8/12/2016,77,0,1,0.3922,0.1234,28,14,NA,NA,NA,HIGH,ABAR,12
3330,ABAR,D,D72,12,D72-12,NA,22/09/2016,8/12/2016,77,0,1,0.02,0.0037,2,1,NA,NA,NA,HIGH,ABAR,12
