block,pot,position,sample_id,species,seedling_id,seed_weight_g,seed_number,seed_notes
A,1,1,A1-1,ABIG,1,,,
A,1,2,A1-2,RCAES,2,,,
A,1,3,A1-3,PLAB,3,,,
A,2,1,A2-1,RCAES,4,,,
A,2,2,A2-2,ABIG,5,,,
A,2,3,A2-3,PLAB,6,,,
A,3,1,A3-1,ABIG,7,,,
A,3,2,A3-2,PLAB,8,,,
A,3,3,A3-3,RCAES,9,,,
A,4,1,A4-1,RCAES,10,,,
A,4,2,A4-2,ABIG,11,,,
A,4,3,A4-3,PLAB,12,,,
A,4,4,A4-4,PLAB,13,,,
A,4,5,A4-5,RCAES,14,,,
A,4,6,A4-6,ABIG,15,,,
A,5,1,A5-1,ABIG,16,,,
A,5,2,A5-2,ABIG,17,,,
A,5,3,A5-3,PLAB,18,,,
A,5,4,A5-4,RCAES,19,,,
A,5,5,A5-5,RCAES,20,,,
A,5,6,A5-6,PLAB,21,,,
A,6,1,A6-1,ABIG,22,,,
A,6,2,A6-2,RCAES,23,,,
A,6,3,A6-3,ABIG,24,,,
A,6,4,A6-4,PLAB,25,,,
A,6,5,A6-5,RCAES,26,,,
A,6,6,A6-6,PLAB,27,,,
A,7,1,A7-1,RCAES,28,,,
A,7,2,A7-2,RCAES,29,,,
A,7,3,A7-3,PLAB,30,,,
A,7,4,A7-4,PLAB,31,,,
A,7,5,A7-5,ABIG,32,,,
A,7,6,A7-6,PLAB,33,,,
A,7,7,A7-7,ABIG,34,,,
A,7,8,A7-8,ABIG,35,,,
A,7,9,A7-9,RCAES,36,,,
A,8,1,A8-1,ABIG,37,,,
A,8,2,A8-2,RCAES,38,,,
A,8,3,A8-3,RCAES,39,,,
A,8,4,A8-4,RCAES,40,,,
A,8,5,A8-5,ABIG,41,,,
A,8,6,A8-6,PLAB,42,,,
A,8,7,A8-7,PLAB,43,,,
A,8,8,A8-8,PLAB,44,,,
A,8,9,A8-9,ABIG,45,,,
A,9,1,A9-1,ABIG,46,,,
A,9,2,A9-2,PLAB,47,,,
A,9,3,A9-3,ABIG,48,,,
A,9,4,A9-4,RCAES,49,,,
A,9,5,A9-5,PLAB,50,,,
A,9,6,A9-6,PLAB,51,,,
A,9,7,A9-7,RCAES,52,,,
A,9,8,A9-8,ABIG,53,,,
A,9,9,A9-9,RCAES,54,,,
A,10,1,A10-1,PLAB,55,,,
A,10,2,A10-2,PLAB,56,,,
A,10,3,A10-3,RCAES,57,,,
A,10,4,A10-4,PLAB,58,,,
A,10,5,A10-5,ABIG,59,,,
A,10,6,A10-6,RCAES,60,,,
A,10,7,A10-7,RCAES,61,,,
A,10,8,A10-8,ABIG,62,,,
A,10,9,A10-9,ABIG,63,0.0105,,
A,10,10,A10-10,ABIG,64,,,
A,10,11,A10-11,PLAB,65,,,
A,10,12,A10-12,RCAES,66,,,
A,11,1,A11-1,RCAES,67,,,
A,11,2,A11-2,ABIG,68,,,
A,11,3,A11-3,ABIG,69,,,
A,11,4,A11-4,PLAB,70,,,
A,11,5,A11-5,RCAES,71,,,
A,11,6,A11-6,ABIG,72,,,
A,11,7,A11-7,RCAES,73,,,
A,11,8,A11-8,RCAES,74,,,
A,11,9,A11-9,PLAB,75,,,
A,11,10,A11-10,PLAB,76,,,
A,11,11,A11-11,ABIG,77,,,
A,11,12,A11-12,PLAB,78,,,
A,12,1,A12-1,RCAES,79,,,
A,12,2,A12-2,PLAB,80,,,
A,12,3,A12-3,PLAB,81,,,
A,12,4,A12-4,ABIG,82,0.045,,
A,12,5,A12-5,ABIG,83,,,
A,12,6,A12-6,RCAES,84,,,
A,12,7,A12-7,RCAES,85,,,
A,12,8,A12-8,ABIG,86,,,
A,12,9,A12-9,RCAES,87,,,
A,12,10,A12-10,ABIG,88,,,
A,12,11,A12-11,PLAB,89,,,
A,12,12,A12-12,PLAB,90,,,
A,13,1,A13-1,BDIA,91,0.0784,,
A,13,2,A13-2,BDIA,92,0.1067,,
A,13,3,A13-3,BDIA,93,0.1019,,
A,14,1,A14-1,BDIA,94,0.3511,,
A,14,2,A14-2,BDIA,95,0.2273,,
A,14,3,A14-3,BDIA,96,0.2537,,
A,15,1,A15-1,BDIA,97,0.5059,,
A,15,2,A15-2,BDIA,98,0.6324,,
A,15,3,A15-3,BDIA,99,0.6722,,
A,16,1,A16-1,BDIA,100,0.0565,,
A,16,2,A16-2,BDIA,101,0.0462,,
A,16,3,A16-3,BDIA,102,0.0534,,
A,16,4,A16-4,BDIA,103,0.0316,,
A,16,5,A16-5,BDIA,104,0.0385,,
A,16,6,A16-6,BDIA,105,0.0491,,
A,17,1,A17-1,BDIA,106,0.1782,,
A,17,2,A17-2,BDIA,107,,,
A,17,3,A17-3,BDIA,108,0.1737,,
A,17,4,A17-4,BDIA,109,0.1616,,
A,17,5,A17-5,BDIA,110,0.146,,
A,17,6,A17-6,BDIA,111,0.0429,,
A,18,1,A18-1,BDIA,112,0.2277,,
A,18,2,A18-2,BDIA,113,0.1752,,
A,18,3,A18-3,BDIA,114,0.1332,,
A,18,4,A18-4,BDIA,115,0.2961,,
A,18,5,A18-5,BDIA,116,0.4022,,
A,18,6,A18-6,BDIA,117,0.1844,,
A,19,1,A19-1,BDIA,118,0.0588,,
A,19,2,A19-2,BDIA,119,0.0158,,
A,19,3,A19-3,BDIA,120,0.0361,,
A,19,4,A19-4,BDIA,121,0.0461,,
A,19,5,A19-5,BDIA,122,0.0363,,
A,19,6,A19-10,BDIA,3604,0.0209,,
A,19,7,A19-6,BDIA,123,0.0581,,
A,19,8,A19-7,BDIA,124,0.043,,
A,19,9,A19-8,BDIA,125,0.0365,,
A,19,10,A19-9,BDIA,126,0.0318,,
A,20,1,A20-1,BDIA,127,0.1401,,
A,20,2,A20-2,BDIA,128,0.1716,,
A,20,3,A20-3,BDIA,129,0.1087,,
A,20,4,A20-4,BDIA,130,0.1158,,
A,20,5,A20-5,BDIA,131,0.0932,,
A,20,6,A20-6,BDIA,132,0.0703,,
A,20,7,A20-7,BDIA,133,0.0694,,
A,20,8,A20-8,BDIA,134,0.1643,,
A,20,9,A20-9,BDIA,135,0.1398,,
A,21,1,A21-1,BDIA,136,0.2611,,
A,21,2,A21-2,BDIA,137,0.2307,,
A,21,3,A21-3,BDIA,138,0.2107,,
A,21,4,A21-4,BDIA,139,0.1184,,
A,21,5,A21-5,BDIA,140,0.1575,,
A,21,6,A21-6,BDIA,141,0.2614,,
A,21,7,A21-7,BDIA,142,0.186,,
A,21,8,A21-8,BDIA,143,0.1963,,
A,21,9,A21-9,BDIA,144,0.323,,
A,22,1,A22-1,BDIA,145,0.0396,,
A,22,2,A22-2,BDIA,146,0.044,,
A,22,3,A22-3,BDIA,147,0.0192,,
A,22,4,A22-4,BDIA,148,0.0217,,
A,22,5,A22-5,BDIA,149,0.0421,,
A,22,6,A22-6,BDIA,150,0.0529,,
A,22,7,A22-7,BDIA,151,0.0101,,
A,22,8,A22-8,BDIA,152,0.032,,
A,22,9,A22-9,BDIA,153,0.0411,,
A,22,10,A22-10,BDIA,154,0.0531,,
A,22,11,A22-11,BDIA,155,0.019,,
A,22,12,A22-12,BDIA,156,0.0396,,
A,23,1,A23-1,BDIA,157,0.098,,
A,23,2,A23-2,BDIA,158,0.1067,,
A,23,3,A23-3,BDIA,159,0.0979,,
A,23,4,A23-4,BDIA,160,0.1102,,
A,23,5,A23-5,BDIA,161,0.092,,
A,23,6,A23-6,BDIA,162,0.097,,
A,23,7,A23-7,BDIA,163,0.0858,,
A,23,8,A23-8,BDIA,164,0.0456,,
A,23,9,A23-9,BDIA,165,0.0598,,
A,23,10,A23-10,BDIA,166,0.1446,,
A,23,11,A23-11,BDIA,167,0.0909,,
A,23,12,A23-12,BDIA,168,0.145,,
A,24,1,A24-1,BDIA,169,0.1853,,
A,24,2,A24-2,BDIA,170,0.1337,,
A,24,3,A24-3,BDIA,171,0.1147,,
A,24,4,A24-4,BDIA,172,0.1699,,
A,24,5,A24-5,BDIA,173,0.1152,,
A,24,6,A24-6,BDIA,174,0.159,,
A,24,7,A24-7,BDIA,175,0.1284,,
A,24,8,A24-8,BDIA,176,0.148,,
A,24,9,A24-9,BDIA,177,0.2039,,
A,24,10,A24-10,BDIA,178,0.2187,,
A,24,11,A24-11,BDIA,179,0.142,,
A,24,12,A24-12,BDIA,180,,,
A,25,1,A25-1,BDIA,181,0.0485,,
A,25,2,A25-2,BDIA,182,0.0939,,
A,25,3,A25-3,PLAB,183,,,
A,25,4,A25-4,ABIG,184,,,
A,25,5,A25-5,RCAES,185,,,
A,25,6,A25-6,BDIA,186,0.0866,,
A,26,1,A26-1,PLAB,187,,,
A,26,2,A26-2,BDIA,188,0.2326,,
A,26,3,A26-3,BDIA,189,0.235,,
A,26,4,A26-4,RCAES,190,,,
A,26,5,A26-5,BDIA,191,0.2291,,
A,26,6,A26-6,ABIG,192,,,
A,27,1,A27-1,ABIG,193,,,
A,27,2,A27-2,BDIA,194,0.2741,,
A,27,3,A27-3,BDIA,195,0.3496,,
A,27,4,A27-7,BDIA,3603,0.2481,,
A,27,5,A27-4,PLAB,196,,,
A,27,6,A27-5,BDIA,197,0.2857,,
A,27,7,A27-6,RCAES,198,,,
A,28,1,A28-1,ABIG,199,0.0085,,
A,28,2,A28-2,BDIA,200,0.0474,,
A,28,3,A28-3,RCAES,201,,,
A,28,4,A28-4,PLAB,202,,,
A,28,5,A28-5,BDIA,203,0.0403,,
A,28,6,A28-6,BDIA,204,0.0446,,
A,28,7,A28-7,BDIA,205,0.0624,,
A,28,8,A28-8,BDIA,206,0.0505,,
A,28,9,A28-9,BDIA,207,0.0508,,
A,29,1,A29-1,ABIG,208,,,
A,29,2,A29-2,BDIA,209,0.1401,,
A,29,3,A29-3,BDIA,210,0.0903,,
A,29,4,A29-4,BDIA,211,0.0869,,
A,29,5,A29-5,RCAES,212,,,
A,29,6,A29-6,BDIA,213,0.1655,,
A,29,7,A29-7,BDIA,214,0.1416,,
A,29,8,A29-8,PLAB,215,,,
A,29,9,A29-9,BDIA,216,0.1526,,
A,30,1,A30-1,BDIA,217,0.2609,,
A,30,2,A30-2,BDIA,218,0.2851,,
A,30,3,A30-3,PLAB,219,,,
A,30,4,A30-4,ABIG,220,,,
A,30,5,A30-5,BDIA,221,0.1975,,
A,30,6,A30-6,BDIA,222,0.2338,,
A,30,7,A30-7,BDIA,223,0.2185,,
A,30,8,A30-8,RCAES,224,,,
A,30,9,A30-9,BDIA,225,0.279,,
A,31,1,A31-1,RCAES,226,,,
A,31,2,A31-2,BDIA,227,0.0324,,
A,31,3,A31-3,BDIA,228,0.0346,,
A,31,4,A31-4,BDIA,229,0.0475,,
A,31,5,A31-5,BDIA,230,0.0301,,
A,31,6,A31-6,PLAB,231,,,
A,31,7,A31-7,BDIA,232,0.0305,,
A,31,8,A31-8,BDIA,233,0.0452,,
A,31,9,A31-9,BDIA,234,,,
A,31,10,A31-10,BDIA,235,0.0406,,
A,31,11,A31-11,ABIG,236,,,
A,31,12,A31-12,BDIA,237,0.0267,,
A,32,1,A32-1,PLAB,238,,,
A,32,2,A32-2,BDIA,239,0.1266,,
A,32,3,A32-3,BDIA,240,0.0888,,
A,32,4,A32-4,BDIA,241,0.0978,,
A,32,5,A32-5,BDIA,242,0.0884,,
A,32,6,A32-6,BDIA,243,0.0782,,
A,32,7,A32-7,BDIA,244,0.1345,,
A,32,8,A32-8,BDIA,245,0.1595,,
A,32,9,A32-9,ABIG,246,,,
A,32,10,A32-10,BDIA,247,0.097,,
A,32,11,A32-11,RCAES,248,,,
A,32,12,A32-12,BDIA,249,0.0968,,
A,33,1,A33-1,ABIG,250,,,
A,33,2,A33-2,PLAB,251,,,
A,33,3,A33-3,BDIA,252,0.0209,,
A,33,4,A33-4,BDIA,253,0.1205,,
A,33,5,A33-5,BDIA,254,0.1864,,
A,33,6,A33-6,BDIA,255,0.6996,,
A,33,7,A33-7,BDIA,256,0.1688,,
A,33,8,A33-8,BDIA,257,0.104,,
A,33,9,A33-9,BDIA,258,0.2013,,
A,33,10,A33-10,BDIA,259,0.2008,,
A,33,11,A33-11,BDIA,260,0.1435,,
A,33,12,A33-12,RCAES,261,,,
A,34,1,A34-1,PLAB,262,,,
A,34,2,A34-2,RCAES,263,,,
A,34,3,A34-3,BDIA,264,0.0526,,
A,34,4,A34-4,RCAES,265,,,
A,34,5,A34-5,BDIA,266,,,
A,34,6,A34-6,ABIG,267,,,
A,34,7,A34-7,PLAB,268,,,
A,34,8,A34-8,BDIA,269,0.0604,,
A,34,9,A34-9,ABIG,270,,,
A,35,1,A35-1,BDIA,271,0.1693,,
A,35,2,A35-2,PLAB,272,,,
A,35,3,A35-3,BDIA,273,0.1516,,
A,35,4,A35-4,RCAES,274,,,
A,35,5,A35-5,ABIG,275,,,
A,35,6,A35-6,BDIA,276,0.1077,,
A,35,7,A35-7,PLAB,277,,,
A,35,8,A35-8,RCAES,278,,,
A,35,9,A35-9,ABIG,279,,,
A,36,1,A36-1,BDIA,280,0.2484,,
A,36,2,A36-2,PLAB,281,,,
A,36,3,A36-3,PLAB,282,,,
A,36,4,A36-4,BDIA,283,0.3793,,
A,36,5,A36-5,RCAES,284,,,
A,36,6,A36-6,ABIG,285,,,
A,36,7,A36-7,ABIG,286,,,
A,36,8,A36-8,BDIA,287,0.4701,,
A,36,9,A36-9,RCAES,288,,,
A,37,1,A37-1,ABIG,289,,,
A,37,2,A37-2,BDIA,290,0.0445,,
A,37,3,A37-3,PLAB,291,,,
A,37,4,A37-4,BDIA,292,0.0356,,
A,37,5,A37-5,RCAES,293,,,
A,37,6,A37-6,BDIA,294,0.0515,,
A,37,7,A37-7,RCAES,295,,,
A,37,8,A37-8,BDIA,296,0.0286,,
A,37,9,A37-9,BDIA,297,0.0663,,
A,37,10,A37-10,ABIG,298,,,
A,37,11,A37-11,BDIA,299,0.0526,,
A,37,12,A37-12,PLAB,300,,,
A,38,1,A38-1,PLAB,301,,,
A,38,2,A38-2,PLAB,302,,,
A,38,3,A38-3,BDIA,303,0.1201,,
A,38,4,A38-4,RCAES,304,,,
A,38,5,A38-5,RCAES,305,,,
A,38,6,A38-6,BDIA,306,0.0947,,
A,38,7,A38-7,BDIA,307,0.1327,,
A,38,8,A38-8,BDIA,308,0.1123,,
A,38,9,A38-9,ABIG,309,,,
A,38,10,A38-10,BDIA,310,0.1225,,
A,38,11,A38-11,BDIA,311,0.1185,,
A,38,12,A38-12,ABIG,312,0.0444,,
A,39,1,A39-1,BDIA,313,0.1715,,
A,39,2,A39-2,BDIA,314,0.264,,
A,39,3,A39-3,PLAB,315,,,
A,39,4,A39-4,RCAES,316,,,
A,39,5,A39-5,BDIA,317,0.2375,,
A,39,6,A39-6,RCAES,318,,,
A,39,7,A39-7,ABIG,319,,,
A,39,8,A39-8,ABIG,320,,,
A,39,9,A39-9,BDIA,321,0.2759,,
A,39,10,A39-10,BDIA,322,0.284,,
A,39,11,A39-11,BDIA,323,0.3619,,
A,39,12,A39-12,PLAB,324,,,
A,40,1,A40-1,PLAB,325,,,
A,40,2,A40-2,PLAB,326,,,
A,40,3,A40-3,RCAES,327,,,
A,40,4,A40-4,RCAES,328,,,
A,40,5,A40-5,PLAB,329,,,
A,40,6,A40-6,RCAES,330,,,
A,40,7,A40-7,BDIA,331,0.0544,,
A,40,8,A40-8,BDIA,332,0.0656,,
A,40,9,A40-9,ABIG,333,,,
A,40,10,A40-10,ABIG,334,0.0135,,
A,40,11,A40-11,BDIA,335,0.0628,,
A,40,12,A40-12,ABIG,336,,,
A,41,1,A41-1,ABIG,337,,,
A,41,2,A41-2,BDIA,338,0.1582,,
A,41,3,A41-3,PLAB,339,,,
A,41,4,A41-4,BDIA,340,0.1226,,
A,41,5,A41-5,RCAES,341,,,
A,41,6,A41-6,RCAES,342,,,
A,41,7,A41-7,ABIG,343,,,
A,41,8,A41-8,RCAES,344,,,
A,41,9,A41-9,PLAB,345,,,
A,41,10,A41-10,PLAB,346,,,
A,41,11,A41-11,BDIA,347,0.2077,,
A,41,12,A41-12,ABIG,348,,,
A,42,1,A42-1,ABIG,349,0.0586,,
A,42,2,A42-2,BDIA,350,0.2869,,
A,42,3,A42-3,PLAB,351,,,
A,42,4,A42-4,BDIA,352,0.2107,,
A,42,5,A42-5,BDIA,353,,,
A,42,6,A42-6,RCAES,354,,,
A,42,7,A42-7,ABIG,355,,,
A,42,8,A42-8,RCAES,356,,,
A,42,9,A42-9,ABIG,357,,,
A,42,10,A42-10,PLAB,358,,,
A,42,11,A42-11,PLAB,359,,,
A,42,12,A42-12,RCAES,360,,,
A,43,1,A43-1,ABAR,361,0.0188,2,
A,43,2,A43-2,ABAR,362,0.0083,4,
A,43,3,A43-3,ABAR,363,0.0083,2,
A,44,1,A44-1,ABAR,364,0.0592,13,
A,44,2,A44-2,ABAR,365,0.076,11,
A,44,3,A44-3,ABAR,366,0.0322,3,
A,45,1,A45-1,ABAR,367,0.1689,16,
A,45,2,A45-2,ABAR,368,0.0094,4,
A,45,3,A45-3,ABAR,369,0.062,14,
A,46,1,A46-1,ABAR,370,0.007,1,
A,46,2,A46-2,ABAR,371,0.009,2,
A,46,3,A46-3,ABAR,372,,,
A,46,4,A46-4,ABAR,373,,,
A,46,5,A46-5,ABAR,374,0.013,2,
A,46,6,A46-6,ABAR,375,0.0211,4,
A,47,1,A47-1,ABAR,376,0.0167,3,
A,47,2,A47-2,ABAR,377,0.0165,1,
A,47,3,A47-3,ABAR,378,0.1489,14,
A,47,4,A47-4,ABAR,379,0.1137,10,
A,47,5,A47-5,ABAR,380,0.0997,10,
A,47,6,A47-6,ABAR,381,0.0177,3,
A,48,1,A48-1,ABAR,382,0.0175,3,
A,48,2,A48-2,ABAR,383,0.0168,3,
A,48,3,A48-3,ABAR,384,0.0198,1,
A,48,4,A48-4,ABAR,385,0.0884,12,
A,48,5,A48-5,ABAR,386,0.0355,3,
A,48,6,A48-6,ABAR,387,,,
A,49,1,A49-1,ABAR,388,0.0094,2,
A,49,2,A49-2,ABAR,389,,,
A,49,3,A49-3,ABAR,390,,,
A,49,4,A49-4,ABAR,391,0.0141,1,
A,49,5,A49-5,ABAR,392,0.0118,2,
A,49,6,A49-6,ABAR,393,0.0028,2,
A,49,7,A49-7,ABAR,394,0.0106,2,
A,49,8,A49-8,ABAR,395,,,
A,49,9,A49-9,ABAR,396,0.0109,3,
A,50,1,A50-1,ABAR,397,0.0264,7,
A,50,2,A50-2,ABAR,398,0.063,7,
A,50,3,A50-3,ABAR,399,0.0206,2,
A,50,4,A50-4,ABAR,400,0.0421,7,
A,50,5,A50-5,ABAR,401,0.0095,2,
A,50,6,A50-6,ABAR,402,0.0361,6,
A,50,7,A50-7,ABAR,403,0.0719,6,
A,50,8,A50-8,ABAR,404,0.0639,6,
A,50,9,A50-9,ABAR,405,0.0076,1,
A,51,1,A51-1,ABAR,406,,,
A,51,2,A51-2,ABAR,407,0.0063,1,
A,51,3,A51-3,ABAR,408,0.0325,8,
A,51,4,A51-4,ABAR,409,0.025,8,
A,51,5,A51-5,ABAR,410,0.0173,5,
A,51,6,A51-6,ABAR,411,0.0202,1,
A,51,7,A51-7,ABAR,412,0.019,1,
A,51,8,A51-8,ABAR,413,0.0196,1,
A,51,9,A51-9,ABAR,414,0.0616,8,
A,52,1,A52-1,ABAR,415,0.0109,2,
A,52,2,A52-2,ABAR,416,,,
A,52,3,A52-3,ABAR,417,0.007,1,
A,52,4,A52-4,ABAR,418,,,
A,52,5,A52-5,ABAR,419,0.0128,1,
A,52,6,A52-6,ABAR,420,0.0058,1,
A,52,7,A52-7,ABAR,421,0.0065,1,
A,52,8,A52-8,ABAR,422,,,
A,52,9,A52-9,ABAR,423,0.0179,3,
A,52,10,A52-10,ABAR,424,0.0066,1,
A,52,11,A52-11,ABAR,425,0.0248,3,
A,52,12,A52-12,ABAR,426,0.0058,1,
A,53,1,A53-1,ABAR,427,,,
A,53,2,A53-2,ABAR,428,,,
A,53,3,A53-3,ABAR,429,0.0082,1,
A,53,4,A53-4,ABAR,430,,,
A,53,5,A53-5,ABAR,431,,,
A,53,6,A53-6,ABAR,432,,,
A,53,7,A53-7,ABAR,433,0.0074,1,
A,53,8,A53-8,ABAR,434,0.0034,1,
A,53,9,A53-9,ABAR,435,,,
A,53,10,A53-10,ABAR,436,0.048,2,
A,53,11,A53-11,ABAR,437,0.0149,3,
A,53,12,A53-12,ABAR,438,,,
A,54,1,A54-1,ABAR,439,,,
A,54,2,A54-2,ABAR,440,0.0209,4,
A,54,3,A54-3,ABAR,441,,,
A,54,4,A54-4,ABAR,442,0.0205,6,
A,54,5,A54-5,ABAR,443,,,
A,54,6,A54-6,ABAR,444,,,
A,54,7,A54-7,ABAR,445,,,
A,54,8,A54-8,ABAR,446,,,
A,54,9,A54-9,ABAR,447,0.0423,4,
A,54,10,A54-10,ABAR,448,0.0356,11,
A,54,11,A54-11,ABAR,449,,,
A,54,12,A54-12,ABAR,450,,,
A,55,1,A55-1,ABAR,451,,,
A,55,2,A55-2,ABAR,452,0.0049,1,
A,55,3,A55-3,ABAR,453,,,
A,55,4,A55-4,ABIG,454,,,
A,55,5,A55-5,RCAES,455,,,
A,55,6,A55-6,PLAB,456,,,
A,56,1,A56-1,RCAES,457,,,
A,56,2,A56-2,ABAR,458,0.0166,2,
A,56,3,A56-3,ABIG,459,,,
A,56,4,A56-4,ABAR,460,,,
A,56,5,A56-5,ABAR,461,0.0458,6,
A,56,6,A56-6,PLAB,462,,,
A,57,1,A57-1,ABAR,463,0.1841,14,
A,57,2,A57-2,ABAR,464,0.1377,12,
A,57,3,A57-3,PLAB,465,,,
A,57,4,A57-4,RCAES,466,,,
A,57,5,A57-5,ABIG,467,,,
A,57,6,A57-6,ABAR,468,0.0895,8,
A,58,1,A58-1,ABAR,469,0.0049,1,
A,58,2,A58-2,PLAB,470,,,
A,58,3,A58-3,ABIG,471,,,
A,58,4,A58-4,ABAR,472,0.0186,2,
A,58,5,A58-5,RCAES,473,,,
A,58,6,A58-6,ABAR,474,0.0042,2,
A,58,7,A58-7,ABAR,475,0.0145,3,
A,58,8,A58-8,ABAR,476,0.009,3,
A,58,9,A58-9,ABAR,477,0.0064,2,
A,59,1,A59-1,ABAR,478,0.0939,9,
A,59,2,A59-2,ABAR,479,0.021,3,
A,59,3,A59-3,ABAR,480,0.0168,2,
A,59,4,A59-4,ABAR,481,0.0109,3,
A,59,5,A59-5,ABAR,482,0.0125,2,
A,59,6,A59-6,ABIG,483,,,
A,59,7,A59-7,ABAR,484,0.0084,2,
A,59,8,A59-8,RCAES,485,,,
A,59,9,A59-9,PLAB,486,,,
A,60,1,A60-1,ABAR,487,0.0678,9,
A,60,2,A60-2,ABAR,488,0.0733,13,
A,60,3,A60-3,PLAB,489,,,
A,60,4,A60-4,ABAR,490,,,
A,60,5,A60-5,ABIG,491,,,
A,60,6,A60-6,ABAR,492,0.0071,1,
A,60,7,A60-7,ABAR,493,0.0165,2,
A,60,8,A60-8,ABAR,494,,,
A,60,9,A60-9,RCAES,495,,,
A,61,1,A61-1,ABAR,496,0.0062,1,
A,61,2,A61-2,ABAR,497,,,
A,61,3,A61-3,RCAES,498,,,
A,61,4,A61-4,ABAR,499,,,
A,61,5,A61-5,ABAR,500,0.0092,2,
A,61,6,A61-6,ABIG,501,,,
A,61,7,A61-7,ABAR,502,,,
A,61,8,A61-8,ABAR,503,0.005,1,
A,61,9,A61-9,ABAR,504,,,
A,61,10,A61-10,PLAB,505,,,
A,61,11,A61-11,ABAR,506,,,
A,61,12,A61-12,ABAR,507,0.0066,1,
A,62,1,A62-1,ABAR,508,,,
A,62,2,A62-2,ABAR,509,0.0169,1,
A,62,3,A62-3,ABAR,510,0.0093,2,
A,62,4,A62-4,PLAB,511,,,
A,62,5,A62-5,ABAR,512,0.0089,2,
A,62,6,A62-6,ABIG,513,,,
A,62,7,A62-7,ABAR,514,0.0194,1,
A,62,8,A62-8,ABAR,515,0.0429,6,
A,62,9,A62-9,RCAES,516,,,
A,62,10,A62-10,ABAR,517,0.0036,2,
A,62,11,A62-11,ABAR,518,,,
A,62,12,A62-12,ABAR,519,0.0156,1,
A,63,1,A63-1,ABAR,520,0.0023,1,
A,63,2,A63-2,ABAR,521,0.0018,1,
A,63,3,A63-3,ABAR,522,0.0073,1,
A,63,4,A63-4,ABAR,523,0.0166,1,
A,63,5,A63-5,PLAB,524,,,
A,63,6,A63-6,RCAES,525,,,
A,63,7,A63-7,ABAR,526,0.0193,1,
A,63,8,A63-8,ABIG,527,0.0409,,
A,63,9,A63-9,ABAR,528,,,
A,63,10,A63-10,ABAR,529,0.0099,2,
A,63,11,A63-11,ABAR,530,,,
A,63,12,A63-12,ABAR,531,0.0217,6,
A,64,1,A64-1,ABAR,532,,,
A,64,2,A64-2,RCAES,533,,,
A,64,3,A64-3,ABIG,534,,,
A,64,4,A64-4,PLAB,535,,,
A,64,5,A64-5,ABAR,536,,,
A,64,6,A64-6,ABIG,537,,,
A,64,7,A64-7,PLAB,538,,,
A,64,8,A64-8,RCAES,539,,,
A,64,9,A64-9,ABAR,540,0.0064,1,
A,65,1,A65-1,RCAES,541,,,
A,65,2,A65-2,PLAB,542,,,
A,65,3,A65-3,RCAES,543,,,
A,65,4,A65-4,PLAB,544,,,
A,65,5,A65-5,ABIG,545,,,
A,65,6,A65-6,ABAR,546,0.0193,5,
A,65,7,A65-7,ABIG,547,,,
A,65,8,A65-8,ABAR,548,0.0076,3,
A,65,9,A65-9,ABAR,549,0.0396,12,
A,66,1,A66-1,RCAES,550,,,
A,66,2,A66-2,PLAB,551,,,
A,66,3,A66-3,RCAES,552,,,
A,66,4,A66-4,ABIG,553,,,
A,66,5,A66-5,ABAR,554,,,
A,66,6,A66-6,ABIG,555,,,
A,66,7,A66-7,ABAR,556,0.0071,1,
A,66,8,A66-8,PLAB,557,,,
A,66,9,A66-9,ABAR,558,0.0084,2,
A,67,1,A67-1,PLAB,559,,,
A,67,2,A67-2,RCAES,560,,,
A,67,3,A67-3,ABAR,561,0.021,4,
A,67,4,A67-4,ABAR,562,0.0067,1,
A,67,5,A67-5,ABAR,563,,,
A,67,6,A67-6,ABAR,564,0.0222,4,
A,67,7,A67-7,ABAR,565,,,
A,67,8,A67-8,ABAR,566,0.0247,3,
A,67,9,A67-9,PLAB,567,,,
A,67,10,A67-10,ABIG,568,,,
A,67,11,A67-11,RCAES,569,,,
A,67,12,A67-12,ABIG,570,0.0134,,
A,68,1,A68-1,ABIG,571,,,
A,68,2,A68-2,PLAB,572,,,
A,68,3,A68-3,ABAR,573,,,
A,68,4,A68-4,ABIG,574,,,
A,68,5,A68-5,ABAR,575,,,
A,68,6,A68-6,ABAR,576,,,
A,68,7,A68-7,ABAR,577,,,
A,68,8,A68-8,ABAR,578,0.0161,1,
A,68,9,A68-9,RCAES,579,,,
A,68,10,A68-10,PLAB,580,,,
A,68,11,A68-11,RCAES,581,,,
A,68,12,A68-12,ABAR,582,0.0102,3,
A,69,1,A69-1,ABAR,583,0.0266,6,
A,69,2,A69-2,ABAR,584,0.0151,1,
A,69,3,A69-3,ABIG,585,,,
A,69,4,A69-4,RCAES,586,,,
A,69,5,A69-5,ABAR,587,0.0058,1,
A,69,6,A69-6,ABAR,588,,,
A,69,7,A69-7,PLAB,589,,,
A,69,8,A69-8,ABAR,590,,,
A,69,9,A69-9,ABIG,591,,,
A,69,10,A69-10,RCAES,592,,,
A,69,11,A69-11,ABAR,593,0.0088,3,
A,69,12,A69-12,PLAB,594,,,
A,70,1,A70-1,PLAB,595,,,
A,70,2,A70-2,ABIG,596,0.007,,
A,70,3,A70-3,ABIG,597,,,
A,70,4,A70-4,ABAR,598,0.0048,1,
A,70,5,A70-5,ABAR,599,,,
A,70,6,A70-6,RCAES,600,,,
A,70,7,A70-7,ABIG,601,,,
A,70,8,A70-8,RCAES,602,,,
A,70,9,A70-9,ABAR,603,,,
A,70,10,A70-10,PLAB,604,,,
A,70,11,A70-11,PLAB,605,,,
A,70,12,A70-12,RCAES,606,,,
A,71,1,A71-1,ABIG,607,,,
A,71,2,A71-2,ABIG,608,0.0696,,
A,71,3,A71-3,ABAR,609,0.0108,2,
A,71,4,A71-4,RCAES,610,,,
A,71,5,A71-5,ABIG,611,,,
A,71,6,A71-6,PLAB,612,,,
A,71,7,A71-7,ABAR,613,0.0386,4,
A,71,8,A71-8,ABAR,614,0.0148,4,
A,71,9,A71-9,PLAB,615,,,
A,71,10,A71-10,PLAB,616,,,
A,71,11,A71-11,RCAES,617,,,
A,71,12,A71-12,RCAES,618,,,
A,72,1,A72-1,ABAR,619,0.0362,5,
A,72,2,A72-2,PLAB,620,,,
A,72,3,A72-3,RCAES,621,,,
A,72,4,A72-4,RCAES,622,,,
A,72,5,A72-5,ABIG,623,,,
A,72,6,A72-6,PLAB,624,,,
A,72,7,A72-7,ABIG,625,,,
A,72,8,A72-8,RCAES,626,,,
A,72,9,A72-9,ABIG,627,,,
A,72,10,A72-10,ABAR,628,0.0571,5,
A,72,11,A72-11,PLAB,629,,,
A,72,12,A72-12,ABAR,630,0.0123,2,
A,73,1,A73-1,ECUR,631,,,
A,73,2,A73-2,ECUR,632,,,
A,73,3,A73-3,ECUR,633,,,
A,74,1,A74-1,ECUR,634,0.0164,,
A,74,2,A74-2,ECUR,635,0.0119,,
A,74,3,A74-3,ECUR,636,0.0188,,
A,75,1,A75-1,ECUR,637,0.0223,,
A,75,2,A75-2,ECUR,638,0.0289,,
A,75,3,A75-3,ECUR,639,0.0387,,
A,76,1,A76-1,ECUR,640,,,
A,76,2,A76-2,ECUR,641,,,
A,76,3,A76-3,ECUR,642,,,
A,76,4,A76-4,ECUR,643,,,
A,76,5,A76-5,ECUR,644,,,
A,76,6,A76-6,ECUR,645,,,
A,77,1,A77-1,ECUR,646,,,
A,77,2,A77-2,ECUR,647,0.007,,
A,77,3,A77-3,ECUR,648,0.0078,,
A,77,4,A77-4,ECUR,649,,,
A,77,5,A77-5,ECUR,650,,,
A,77,6,A77-6,ECUR,651,,,
A,78,1,A78-1,ECUR,652,,,
A,78,2,A78-2,ECUR,653,0.0093,,
A,78,3,A78-3,ECUR,654,0.0143,,
A,78,4,A78-4,ECUR,655,,,
A,78,5,A78-5,ECUR,656,0.0155,,
A,78,6,A78-6,ECUR,657,0.0331,,
A,79,1,A79-1,ECUR,658,,,
A,79,2,A79-2,ECUR,659,,,
A,79,3,A79-3,ECUR,660,,,
A,79,4,A79-4,ECUR,661,,,
A,79,5,A79-5,ECUR,662,,,
A,79,6,A79-6,ECUR,663,,,
A,79,7,A79-7,ECUR,664,,,
A,79,8,A79-8,ECUR,665,,,
A,79,9,A79-9,ECUR,666,,,
A,80,1,A80-1,ECUR,667,,,
A,80,2,A80-2,ECUR,668,,,
A,80,3,A80-3,ECUR,669,,,
A,80,4,A80-4,ECUR,670,,,
A,80,5,A80-5,ECUR,671,,,
A,80,6,A80-6,ECUR,672,,,
A,80,7,A80-7,ECUR,673,,,
A,80,8,A80-8,ECUR,674,,,
A,80,9,A80-9,ECUR,675,,,
A,81,1,A81-1,ECUR,676,,,
A,81,2,A81-2,ECUR,677,,,
A,81,3,A81-3,ECUR,678,,,
A,81,4,A81-4,ECUR,679,,,
A,81,5,A81-5,ECUR,680,,,
A,81,6,A81-6,ECUR,681,,,
A,81,7,A81-7,ECUR,682,0.0133,,
A,81,8,A81-8,ECUR,683,,,
A,81,9,A81-9,ECUR,684,0.0119,,
A,82,1,A82-1,ECUR,685,,,
A,82,2,A82-2,ECUR,686,,,
A,82,3,A82-3,ECUR,687,,,
A,82,4,A82-4,ECUR,688,,,
A,82,5,A82-5,ECUR,689,,,
A,82,6,A82-6,ECUR,690,,,
A,82,7,A82-7,ECUR,691,,,
A,82,8,A82-8,ECUR,692,,,
A,82,9,A82-9,ECUR,693,,,
A,82,10,A82-10,ECUR,694,,,
A,82,11,A82-11,ECUR,695,,,
A,82,12,A82-12,ECUR,696,,,
A,83,1,A83-1,ECUR,697,,,
A,83,2,A83-2,ECUR,698,,,
A,83,3,A83-3,ECUR,699,,,
A,83,4,A83-4,ECUR,700,,,
A,83,5,A83-5,ECUR,701,,,
A,83,6,A83-6,ECUR,702,,,
A,83,7,A83-7,ECUR,703,,,
A,83,8,A83-8,ECUR,704,,,
A,83,9,A83-9,ECUR,705,,,
A,83,10,A83-10,ECUR,706,,,
A,83,11,A83-11,ECUR,707,,,
A,83,12,A83-12,ECUR,708,,,
A,84,1,A84-1,ECUR,709,,,
A,84,2,A84-2,ECUR,710,,,
A,84,3,A84-3,ECUR,711,,,
A,84,4,A84-4,ECUR,712,,,
A,84,5,A84-5,ECUR,713,,,
A,84,6,A84-6,ECUR,714,,,
A,84,7,A84-7,ECUR,715,,,
A,84,8,A84-8,ECUR,716,0.009,,
A,84,9,A84-9,ECUR,717,,,
A,84,10,A84-10,ECUR,718,,,
A,84,11,A84-11,ECUR,719,,,
A,84,12,A84-12,ECUR,720,0.0085,,
A,85,1,A85-1,ABIG,721,,,
A,85,2,A85-2,ECUR,722,,,
A,85,3,A85-3,RCAES,723,,,
A,85,4,A85-4,ECUR,724,,,
A,85,5,A85-5,PLAB,725,,,
A,85,6,A85-6,ECUR,726,,,
A,86,1,A86-1,ECUR,727,,,
A,86,2,A86-2,RCAES,728,,,
A,86,3,A86-3,ECUR,729,,,
A,86,4,A86-4,PLAB,730,,,
A,86,5,A86-5,ABIG,731,,,
A,86,6,A86-6,ECUR,732,,,
A,87,1,A87-1,RCAES,733,,,
A,87,2,A87-2,ECUR,734,0.0165,,
A,87,3,A87-3,PLAB,735,,,
A,87,4,A87-4,ABIG,736,,,
A,87,5,A87-5,ECUR,737,,,
A,87,6,A87-6,ECUR,738,0.0142,,
A,88,1,A88-1,ECUR,739,,,
A,88,2,A88-2,ECUR,740,,,
A,88,3,A88-3,ECUR,741,,,
A,88,4,A88-4,ECUR,742,,,
A,88,5,A88-5,ECUR,743,,,
A,88,6,A88-6,ABIG,744,,,
A,88,7,A88-7,ECUR,745,,,
A,88,8,A88-8,PLAB,746,,,
A,88,9,A88-9,RCAES,747,,,
A,89,1,A89-1,ECUR,748,,,
A,89,2,A89-2,PLAB,749,,,
A,89,3,A89-3,ECUR,750,,,
A,89,4,A89-4,ECUR,751,,,
A,89,5,A89-5,ECUR,752,,,
A,89,6,A89-6,RCAES,753,,,
A,89,7,A89-7,ABIG,754,,,
A,89,8,A89-8,ECUR,755,,,
A,89,9,A89-9,ECUR,756,,,
A,90,1,A90-1,ECUR,757,,,
A,90,2,A90-2,ABIG,758,,,
A,90,3,A90-3,PLAB,759,,,
A,90,4,A90-4,RCAES,760,,,
A,90,5,A90-5,ECUR,761,,,
A,90,6,A90-6,ECUR,762,,,
A,90,7,A90-7,ECUR,763,0.0091,,
A,90,8,A90-8,ECUR,764,,,
A,90,9,A90-9,ECUR,765,,,
A,91,1,A91-1,ECUR,766,,,
A,91,2,A91-2,ECUR,767,,,
A,91,3,A91-3,ECUR,768,,,
A,91,4,A91-4,ECUR,769,,,
A,91,5,A91-5,RCAES,770,,,
A,91,6,A91-6,ECUR,771,,,
A,91,7,A91-7,ABIG,772,,,
A,91,8,A91-8,ECUR,773,,,
A,91,9,A91-9,PLAB,774,,,
A,91,10,A91-10,ECUR,775,,,
A,91,11,A91-11,ECUR,776,,,
A,91,12,A91-12,ECUR,777,,,
A,92,1,A92-1,ECUR,778,,,
A,92,2,A92-2,ECUR,779,,,
A,92,3,A92-3,RCAES,780,,,
A,92,4,A92-4,PLAB,781,,,
A,92,5,A92-5,ECUR,782,,,
A,92,6,A92-6,ECUR,783,,,
A,92,7,A92-7,ABIG,784,,,
A,92,8,A92-8,ECUR,785,,,
A,92,9,A92-9,ECUR,786,,,
A,92,10,A92-10,ECUR,787,,,
A,92,11,A92-11,ECUR,788,,,
A,92,12,A92-12,ECUR,789,,,
A,93,1,A93-1,ECUR,790,,,
A,93,2,A93-2,ECUR,791,,,
A,93,3,A93-3,ECUR,792,,,
A,93,4,A93-4,ABIG,793,,,
A,93,5,A93-5,ECUR,794,,,
A,93,6,A93-6,ECUR,795,,,
A,93,7,A93-7,ECUR,796,,,
A,93,8,A93-8,ECUR,797,,,
A,93,9,A93-9,PLAB,798,,,
A,93,10,A93-10,RCAES,799,,,
A,93,11,A93-11,ECUR,800,,,
A,93,12,A93-12,ECUR,801,,,
A,94,1,A94-1,ECUR,802,,,
A,94,2,A94-2,ABIG,803,,,
A,94,3,A94-3,ECUR,804,,,
A,94,4,A94-4,ABIG,805,,,
A,94,5,A94-5,PLAB,806,,,
A,94,6,A94-6,ECUR,807,,,
A,94,7,A94-7,RCAES,808,,,
A,94,8,A94-8,RCAES,809,,,
A,94,9,A94-9,PLAB,810,,,
A,95,1,A95-1,PLAB,811,,,
A,95,2,A95-2,ABIG,812,,,
A,95,3,A95-3,RCAES,813,,,
A,95,4,A95-4,RCAES,814,,,
A,95,5,A95-5,ECUR,815,,,
A,95,6,A95-6,ECUR,816,,,
A,95,7,A95-7,PLAB,817,,,
A,95,8,A95-8,ABIG,818,,,
A,95,9,A95-9,ECUR,819,,,
A,96,1,A96-1,ECUR,820,,,
A,96,2,A96-2,PLAB,821,,,
A,96,3,A96-3,ECUR,822,0.0054,,
A,96,4,A96-4,RCAES,823,,,
A,96,5,A96-5,ABIG,824,,,
A,96,6,A96-6,PLAB,825,,,
A,96,7,A96-7,ECUR,826,,,
A,96,8,A96-8,ABIG,827,,,
A,96,9,A96-9,RCAES,828,,,
A,97,1,A97-1,ECUR,829,,,
A,97,2,A97-2,ECUR,830,,,
A,97,3,A97-3,ABIG,831,,,
A,97,4,A97-4,ECUR,832,,,
A,97,5,A97-5,ECUR,833,,,
A,97,6,A97-6,PLAB,834,,,
A,97,7,A97-7,ABIG,835,,,
A,97,8,A97-8,ECUR,836,,,
A,97,9,A97-9,PLAB,837,,,
A,97,10,A97-10,RCAES,838,,,
A,97,11,A97-11,ECUR,839,,,
A,97,12,A97-12,RCAES,840,,,
A,98,1,A98-1,ECUR,841,,,
A,98,2,A98-2,RCAES,842,,,
A,98,3,A98-3,ECUR,843,,,
A,98,4,A98-4,ABIG,844,,,
A,98,5,A98-5,RCAES,845,,,
A,98,6,A98-6,ECUR,846,,,
A,98,7,A98-7,ECUR,847,,,
A,98,8,A98-8,PLAB,848,,,
A,98,9,A98-9,ECUR,849,,,
A,98,10,A98-10,PLAB,850,,,
A,98,11,A98-11,ABIG,851,,,
A,98,12,A98-12,ECUR,852,,,
A,99,1,A99-1,ECUR,853,,,
A,99,2,A99-2,ECUR,854,,,
A,99,3,A99-3,ECUR,855,,,
A,99,4,A99-4,RCAES,856,,,
A,99,5,A99-5,ECUR,857,,,
A,99,6,A99-6,ABIG,858,,,
A,99,7,A99-7,RCAES,859,,,
A,99,8,A99-8,ECUR,860,,,
A,99,9,A99-9,PLAB,861,,,
A,99,10,A99-10,PLAB,862,,,
A,99,11,A99-11,ECUR,863,,,
A,99,12,A99-12,ABIG,864,,,
A,100,1,A100-1,ECUR,865,,,
A,100,2,A100-2,PLAB,866,,,
A,100,3,A100-3,RCAES,867,,,
A,100,4,A100-4,ECUR,868,,,
A,100,5,A100-5,RCAES,869,,,
A,100,6,A100-6,RCAES,870,,,
A,100,7,A100-7,PLAB,871,,,
A,100,8,A100-8,ABIG,872,,,
A,100,9,A100-9,PLAB,873,,,
A,100,10,A100-10,ABIG,874,,,
A,100,11,A100-11,ABIG,875,,,
A,100,12,A100-12,ECUR,876,,,
A,101,1,A101-1,ABIG,877,0.0402,,
A,101,2,A101-2,PLAB,878,,,
A,101,3,A101-3,RCAES,879,,,
A,101,4,A101-4,ECUR,880,,,
A,101,5,A101-5,PLAB,881,,,
A,101,6,A101-6,ECUR,882,,,
A,101,7,A101-7,ABIG,883,,,
A,101,8,A101-8,RCAES,884,,,
A,101,9,A101-9,RCAES,885,,,
A,101,10,A101-10,ECUR,886,,,
A,101,11,A101-11,ABIG,887,,,
A,101,12,A101-12,PLAB,888,,,
A,102,1,A102-1,ECUR,889,,,
A,102,2,A102-2,ABIG,890,0.0648,,
A,102,3,A102-3,PLAB,891,,,
A,102,4,A102-4,RCAES,892,,,
A,102,5,A102-5,ABIG,893,,,
A,102,6,A102-6,ECUR,894,,,
A,102,7,A102-7,RCAES,895,,,
A,102,8,A102-8,PLAB,896,,,
A,102,9,A102-9,PLAB,897,,,
A,102,10,A102-10,ECUR,898,,,
A,102,11,A102-11,RCAES,899,,,
A,102,12,A102-12,ABIG,900,,,
B,1,1,B1-1,ABIG,901,,,
B,1,2,B1-2,RCAES,902,,,
B,1,3,B1-3,PLAB,903,,,
B,2,1,B2-1,ABIG,904,,,
B,2,2,B2-2,PLAB,905,,,
B,2,3,B2-3,RCAES,906,,,
B,3,1,B3-1,ABIG,907,,,
B,3,2,B3-2,PLAB,908,,,
B,3,3,B3-3,RCAES,909,,,
B,4,1,B4-1,PLAB,910,,,
B,4,2,B4-2,ABIG,911,,,
B,4,3,B4-3,PLAB,912,,,
B,4,4,B4-4,ABIG,913,,,
B,4,5,B4-5,RCAES,914,,,
B,4,6,B4-6,RCAES,915,,,
B,5,1,B5-1,PLAB,916,,,
B,5,2,B5-2,ABIG,917,,,
B,5,3,B5-3,ABIG,918,,,
B,5,4,B5-4,PLAB,919,,,
B,5,5,B5-5,RCAES,920,,,
B,5,6,B5-6,RCAES,921,,,
B,6,1,B6-1,ABIG,922,,,
B,6,2,B6-2,ABIG,923,,,
B,6,3,B6-3,RCAES,924,,,
B,6,4,B6-4,RCAES,925,,,
B,6,5,B6-5,PLAB,926,,,
B,6,6,B6-6,PLAB,927,,,
B,7,1,B7-1,PLAB,928,,,
B,7,2,B7-2,PLAB,929,,,
B,7,3,B7-3,RCAES,930,,,
B,7,4,B7-4,RCAES,931,,,
B,7,5,B7-5,ABIG,932,,,
B,7,6,B7-6,ABIG,933,,,
B,7,7,B7-7,ABIG,934,,,
B,7,8,B7-8,RCAES,935,,,
B,7,9,B7-9,PLAB,936,,,
B,8,1,B8-1,PLAB,937,,,
B,8,2,B8-2,ABIG,938,,,
B,8,3,B8-3,ABIG,939,,,
B,8,4,B8-4,RCAES,940,,,
B,8,5,B8-5,PLAB,941,,,
B,8,6,B8-6,RCAES,942,,,
B,8,7,B8-7,RCAES,943,,,
B,8,8,B8-8,ABIG,944,,,
B,8,9,B8-9,PLAB,945,,,
B,9,1,B9-1,RCAES,946,,,
B,9,2,B9-2,PLAB,947,,,
B,9,3,B9-3,ABIG,948,,,
B,9,4,B9-4,PLAB,949,,,
B,9,5,B9-5,PLAB,950,,,
B,9,6,B9-6,RCAES,951,,,
B,9,7,B9-7,ABIG,952,,,
B,9,8,B9-8,ABIG,953,,,
B,9,9,B9-9,RCAES,954,,,
B,10,1,B10-1,RCAES,955,,,
B,10,2,B10-2,PLAB,956,,,
B,10,3,B10-3,ABIG,957,,,
B,10,4,B10-4,PLAB,958,,,
B,10,5,B10-5,PLAB,959,,,
B,10,6,B10-6,PLAB,960,,,
B,10,7,B10-7,ABIG,961,,,
B,10,8,B10-8,RCAES,962,,,
B,10,9,B10-9,RCAES,963,,,
B,10,10,B10-10,RCAES,964,,,
B,10,11,B10-11,ABIG,965,,,
B,10,12,B10-12,ABIG,966,,,
B,11,1,B11-1,ABIG,967,0.0107,,
B,11,2,B11-2,PLAB,968,,,
B,11,3,B11-3,RCAES,969,,,
B,11,4,B11-4,RCAES,970,,,
B,11,5,B11-5,ABIG,971,,,
B,11,6,B11-6,RCAES,972,,,
B,11,7,B11-7,RCAES,973,,,
B,11,8,B11-8,ABIG,974,,,
B,11,9,B11-9,ABIG,975,0.0301,,
B,11,10,B11-10,PLAB,976,,,
B,11,11,B11-11,PLAB,977,,,
B,11,12,B11-12,PLAB,978,,,
B,12,1,B12-1,RCAES,979,,,
B,12,2,B12-2,PLAB,980,,,
B,12,3,B12-3,RCAES,981,,,
B,12,4,B12-4,RCAES,982,,,
B,12,5,B12-5,PLAB,983,,,
B,12,6,B12-6,PLAB,984,,,
B,12,7,B12-7,ABIG,985,,,
B,12,8,B12-8,ABIG,986,,,
B,12,9,B12-9,PLAB,987,,,
B,12,10,B12-10,ABIG,988,,,
B,12,11,B12-11,ABIG,989,,,
B,12,12,B12-12,RCAES,990,,,
B,13,1,B13-1,BDIA,991,0.1,,
B,13,2,B13-2,BDIA,992,0.1204,,
B,13,3,B13-3,BDIA,993,0.0809,,
B,14,1,B14-1,BDIA,994,0.3032,,
B,14,2,B14-2,BDIA,995,0.4237,,
B,14,3,B14-3,BDIA,996,0.2227,,
B,15,1,B15-1,BDIA,997,0.48,,
B,15,2,B15-2,BDIA,998,0.56,,
B,15,3,B15-3,BDIA,999,0.7167,,
B,16,1,B16-1,BDIA,1000,,,
B,16,2,B16-2,BDIA,1001,,,
B,16,3,B16-3,BDIA,1002,,,
B,16,4,B16-4,BDIA,1003,,,
B,16,5,B16-5,BDIA,1004,,,
B,16,6,B16-6,BDIA,1005,,,
B,17,1,B17-1,BDIA,1006,0.1668,,
B,17,2,B17-2,BDIA,1007,0.1767,,
B,17,3,B17-3,BDIA,1008,0.1469,,
B,17,4,B17-4,BDIA,1009,0.1337,,
B,17,5,B17-5,BDIA,1010,0.1713,,
B,17,6,B17-6,BDIA,1011,0.1692,,
B,18,1,B18-1,BDIA,1012,0.2783,,
B,18,2,B18-2,BDIA,1013,0.3794,,
B,18,3,B18-3,BDIA,1014,0.2438,,
B,18,4,B18-4,BDIA,1015,0.2196,,
B,18,5,B18-5,BDIA,1016,0.2749,,
B,18,6,B18-6,BDIA,1017,0.2925,,
B,19,1,B19-1,BDIA,1018,,,
B,19,2,B19-2,BDIA,1019,0.0551,,
B,19,3,B19-3,BDIA,1020,0.0144,,
B,19,4,B19-4,BDIA,1021,0.0301,,
B,19,5,B19-5,BDIA,1022,0.0496,,
B,19,6,B19-6,BDIA,1023,,,
B,19,7,B19-7,BDIA,1024,0.0491,,Possibly B19-6
B,19,8,B19-8,BDIA,1025,0.0162,,
B,19,9,B19-9,BDIA,1026,0.063,,
B,20,1,B20-1,BDIA,1027,0.1023,,
B,20,2,B20-2,BDIA,1028,,,
B,20,3,B20-3,BDIA,1029,0.1359,,
B,20,4,B20-4,BDIA,1030,0.0877,,
B,20,5,B20-5,BDIA,1031,0.0795,,
B,20,6,B20-6,BDIA,1032,0.1203,,
B,20,7,B20-7,BDIA,1033,0.0964,,
B,20,8,B20-8,BDIA,1034,0.1072,,
B,20,9,B20-9,BDIA,1035,0.1307,,
B,21,1,B21-1,BDIA,1036,0.2179,,
B,21,2,B21-2,BDIA,1037,0.2505,,
B,21,3,B21-3,BDIA,1038,0.2506,,
B,21,4,B21-4,BDIA,1039,0.2022,,
B,21,5,B21-5,BDIA,1040,0.1705,,
B,21,6,B21-6,BDIA,1041,0.1585,,
B,21,7,B21-7,BDIA,1042,0.2986,,
B,21,8,B21-8,BDIA,1043,0.1729,,
B,21,9,B21-9,BDIA,1044,,,
B,22,1,B22-1,BDIA,1045,0.0261,,
B,22,2,B22-2,BDIA,1046,0.0438,,
B,22,3,B22-3,BDIA,1047,0.0355,,
B,22,4,B22-4,BDIA,1048,0.0336,,
B,22,5,B22-5,BDIA,1049,0.0382,,
B,22,6,B22-6,BDIA,1050,0.0233,,
B,22,7,B22-7,BDIA,1051,0.0494,,
B,22,8,B22-8,BDIA,1052,0.043,,
B,22,9,B22-9,BDIA,1053,0.0234,,
B,22,10,B22-10,BDIA,1054,0.0378,,
B,22,11,B22-11,BDIA,1055,0.0511,,
B,22,12,B22-12,BDIA,1056,0.0046,,
B,23,1,B23-1,BDIA,1057,0.1015,,
B,23,2,B23-2,BDIA,1058,0.0657,,
B,23,3,B23-3,BDIA,1059,0.0887,,
B,23,4,B23-4,BDIA,1060,0.0914,,
B,23,5,B23-5,BDIA,1061,0.0916,,
B,23,6,B23-6,BDIA,1062,0.0192,,
B,23,7,B23-7,BDIA,1063,0.0933,,
B,23,8,B23-8,BDIA,1064,0.0636,,
B,23,9,B23-9,BDIA,1065,0.0674,,
B,23,10,B23-10,BDIA,1066,0.0958,,
B,23,11,B23-11,BDIA,1067,0.0833,,
B,23,12,B23-12,BDIA,1068,0.1358,,
B,24,1,B24-1,BDIA,1069,0.1484,,
B,24,2,B24-2,BDIA,1070,0.1365,,
B,24,3,B24-3,BDIA,1071,0.1924,,
B,24,4,B24-4,BDIA,1072,0.1216,,
B,24,5,B24-5,BDIA,1073,0.1226,,
B,24,6,B24-6,BDIA,1074,0.1282,,
B,24,7,B24-7,BDIA,1075,0.1545,,
B,24,8,B24-8,BDIA,1076,0.1173,,
B,24,9,B24-9,BDIA,1077,0.1327,,
B,24,10,B24-10,BDIA,1078,0.1391,,
B,24,11,B24-11,BDIA,1079,0.094,,
B,24,12,B24-12,BDIA,1080,0.0748,,
B,25,1,B25-1,BDIA,1081,0.0384,,
B,25,2,B25-2,BDIA,1082,0.036,,
B,25,3,B25-3,PLAB,1083,,,
B,25,4,B25-4,BDIA,1084,,,
B,25,5,B25-5,ABIG,1085,0.0712,,
B,25,6,B25-6,RCAES,1086,,,
B,26,1,B26-1,BDIA,1087,0.2196,,
B,26,2,B26-2,BDIA,1088,0.182,,
B,26,3,B26-3,ABIG,1089,,,
B,26,4,B26-4,RCAES,1090,,,
B,26,5,B26-5,PLAB,1091,,,
B,26,6,B26-6,BDIA,1092,0.2719,,
B,27,1,B27-1,RCAES,1093,,,
B,27,2,B27-2,BDIA,1094,0.4315,,
B,27,3,B27-3,BDIA,1095,0.3206,,
B,27,4,B27-4,ABIG,1096,,,
B,27,5,B27-5,BDIA,1097,0.3656,,
B,27,6,B27-6,PLAB,1098,,,
B,28,1,B28-1,BDIA,1099,0.0536,,
B,28,2,B28-2,BDIA,1100,0.0468,,
B,28,3,B28-3,BDIA,1101,0.0763,,
B,28,4,B28-4,RCAES,1102,,,
B,28,5,B28-5,PLAB,1103,,,
B,28,6,B28-6,BDIA,1104,0.0513,,
B,28,7,B28-7,BDIA,1105,0.0474,,
B,28,8,B28-8,BDIA,1106,0.07,,
B,28,9,B28-9,ABIG,1107,,,
B,29,1,B29-1,BDIA,1108,0.0995,,
B,29,2,B29-2,BDIA,1109,0.1153,,
B,29,3,B29-3,RCAES,1110,,,
B,29,4,B29-4,BDIA,1111,0.0994,,
B,29,5,B29-5,PLAB,1112,,,
B,29,6,B29-6,ABIG,1113,,,
B,29,7,B29-7,BDIA,1114,0.134,,
B,29,8,B29-8,BDIA,1115,0.1363,,
B,29,9,B29-9,BDIA,1116,0.1584,,
B,30,1,B30-1,ABIG,1117,,,
B,30,2,B30-2,BDIA,1118,,,
B,30,3,B30-3,BDIA,1119,0.15,,
B,30,4,B30-4,BDIA,1120,0.1544,,
B,30,5,B30-5,PLAB,1121,,,
B,30,6,B30-6,RCAES,1122,,,
B,30,7,B30-7,BDIA,1123,0.2023,,
B,30,8,B30-8,BDIA,1124,0.1872,,
B,30,9,B30-9,BDIA,1125,0.2582,,
B,31,1,B31-1,BDIA,1126,0.0324,,
B,31,2,B31-2,BDIA,1127,,,
B,31,3,B31-3,RCAES,1128,,,
B,31,4,B31-4,BDIA,1129,0.043,,
B,31,5,B31-5,BDIA,1130,0.0192,,
B,31,6,B31-6,BDIA,1131,0.0092,,
B,31,7,B31-7,PLAB,1132,,,
B,31,8,B31-8,BDIA,1133,0.0566,,
B,31,9,B31-9,ABIG,1134,,,
B,31,10,B31-10,BDIA,1135,,,
B,31,11,B31-11,BDIA,1136,0.0219,,
B,31,12,B31-12,BDIA,1137,,,
B,32,1,B32-1,ABIG,1138,,,
B,32,2,B32-2,BDIA,1139,0.0824,,
B,32,3,B32-3,BDIA,1140,0.0575,,
B,32,4,B32-4,BDIA,1141,0.0702,,
B,32,5,B32-5,BDIA,1142,0.0598,,
B,32,6,B32-6,BDIA,1143,0.09,,
B,32,7,B32-7,PLAB,1144,,,
B,32,8,B32-8,RCAES,1145,,,
B,32,9,B32-9,BDIA,1146,0.0728,,
B,32,10,B32-10,BDIA,1147,0.0991,,
B,32,11,B32-11,BDIA,1148,0.1345,,
B,32,12,B32-12,BDIA,1149,0.0463,,
B,33,1,B33-1,RCAES,1150,,,
B,33,2,B33-2,PLAB,1151,,,
B,33,3,B33-3,BDIA,1152,0.1885,,
B,33,4,B33-4,BDIA,1153,0.195,,
B,33,5,B33-5,ABIG,1154,,,
B,33,6,B33-6,BDIA,1155,0.0869,,
B,33,7,B33-7,BDIA,1156,0.1526,,
B,33,8,B33-8,BDIA,1157,0.1708,,
B,33,9,B33-9,BDIA,1158,,,
B,33,10,B33-10,BDIA,1159,0.2839,,
B,33,11,B33-11,BDIA,1160,0.1104,,
B,33,12,B33-12,BDIA,1161,0.2972,,
B,34,1,B34-1,BDIA,1162,0.0549,,
B,34,2,B34-2,ABIG,1163,,,
B,34,3,B34-3,BDIA,1164,0.0592,,
B,34,4,B34-4,RCAES,1165,,,
B,34,5,B34-5,PLAB,1166,,,
B,34,6,B34-6,RCAES,1167,,,
B,34,7,B34-7,PLAB,1168,,,
B,34,8,B34-8,BDIA,1169,0.038,,
B,34,9,B34-9,ABIG,1170,,,
B,35,1,B35-1,PLAB,1171,,,
B,35,2,B35-2,ABIG,1172,,,
B,35,3,B35-3,RCAES,1173,,,
B,35,4,B35-4,BDIA,1174,0.0937,,
B,35,5,B35-5,ABIG,1175,,,
B,35,6,B35-6,BDIA,1176,0.0653,,
B,35,7,B35-7,PLAB,1177,,,
B,35,8,B35-8,RCAES,1178,,,
B,35,9,B35-9,BDIA,1179,0.1842,,
B,36,1,B36-1,RCAES,1180,,,
B,36,2,B36-2,PLAB,1181,,,
B,36,3,B36-3,PLAB,1182,,,
B,36,4,B36-4,BDIA,1183,,,
B,36,5,B36-5,ABIG,1184,,,
B,36,6,B36-6,BDIA,1185,0.228,,
B,36,7,B36-7,RCAES,1186,,,
B,36,8,B36-8,ABIG,1187,,,
B,36,9,B36-9,BDIA,1188,0.4595,,
B,37,1,B37-1,RCAES,1189,,,
B,37,2,B37-2,ABIG,1190,,,
B,37,3,B37-3,PLAB,1191,,,
B,37,4,B37-4,BDIA,1192,0.0255,,
B,37,5,B37-5,BDIA,1193,0.04,,
B,37,6,B37-6,PLAB,1194,,,
B,37,7,B37-7,BDIA,1195,0.037,,
B,37,8,B37-8,RCAES,1196,,,
B,37,9,B37-9,BDIA,1197,0.0263,,
B,37,10,B37-10,BDIA,1198,0.0318,,
B,37,11,B37-11,BDIA,1199,0.0409,,
B,37,12,B37-12,ABIG,1200,,,
B,38,1,B38-1,BDIA,1201,0.1522,,
B,38,2,B38-2,PLAB,1202,,,
B,38,3,B38-3,ABIG,1203,,,
B,38,4,B38-4,RCAES,1204,,,
B,38,5,B38-5,BDIA,1205,0.1016,,
B,38,6,B38-6,ABIG,1206,,,
B,38,7,B38-7,PLAB,1207,,,
B,38,8,B38-8,BDIA,1208,0.1105,,
B,38,9,B38-9,BDIA,1209,,,
B,38,10,B38-10,RCAES,1210,,,
B,38,11,B38-11,BDIA,1211,0.1435,,
B,38,12,B38-12,BDIA,1212,0.1126,,
B,39,1,B39-1,ABIG,1213,,,
B,39,2,B39-2,BDIA,1214,0.1791,,
B,39,3,B39-3,BDIA,1215,0.1462,,
B,39,4,B39-4,PLAB,1216,,,
B,39,5,B39-5,ABIG,1217,,,
B,39,6,B39-6,RCAES,1218,,,
B,39,7,B39-7,RCAES,1219,,,
B,39,8,B39-8,BDIA,1220,0.1508,,
B,39,9,B39-9,BDIA,1221,0.1018,,
B,39,10,B39-10,BDIA,1222,0.2296,,
B,39,11,B39-11,PLAB,1223,,,
B,39,12,B39-12,BDIA,1224,0.2049,,
B,40,1,B40-1,RCAES,1225,,,
B,40,2,B40-2,PLAB,1226,,,
B,40,3,B40-3,ABIG,1227,,,
B,40,4,B40-4,RCAES,1228,,,
B,40,5,B40-5,PLAB,1229,,,
B,40,6,B40-6,BDIA,1230,0.0421,,
B,40,7,B40-7,BDIA,1231,0.046,,
B,40,8,B40-8,BDIA,1232,0.0346,,
B,40,9,B40-9,RCAES,1233,,,
B,40,10,B40-10,PLAB,1234,,,
B,40,11,B40-11,ABIG,1235,,,
B,40,12,B40-12,ABIG,1236,,,
B,41,1,B41-1,ABIG,1237,,,
B,41,2,B41-2,RCAES,1238,,,
B,41,3,B41-3,BDIA,1239,0.131,,
B,41,4,B41-4,PLAB,1240,,,
B,41,5,B41-5,PLAB,1241,,,
B,41,6,B41-6,RCAES,1242,,,
B,41,7,B41-7,ABIG,1243,,,
B,41,8,B41-8,ABIG,1244,,,
B,41,9,B41-9,RCAES,1245,,,
B,41,10,B41-10,PLAB,1246,,,
B,41,11,B41-11,BDIA,1247,0.1553,,
B,41,12,B41-12,BDIA,1248,0.1357,,
B,42,1,B42-1,PLAB,1249,,,
B,42,2,B42-2,PLAB,1250,,,
B,42,3,B42-3,BDIA,1251,0.3797,,
B,42,4,B42-4,RCAES,1252,,,
B,42,5,B42-5,PLAB,1253,,,
B,42,6,B42-6,BDIA,1254,0.2178,,
B,42,7,B42-7,RCAES,1255,,,
B,42,8,B42-8,ABIG,1256,,,
B,42,9,B42-9,ABIG,1257,,,
B,42,10,B42-10,RCAES,1258,,,
B,42,11,B42-11,BDIA,1259,0.3461,,
B,42,12,B42-12,ABIG,1260,,,
B,43,1,B43-1,ABAR,1261,0.0498,8,
B,43,2,B43-2,ABAR,1262,,,
B,43,3,B43-3,ABAR,1263,,,
B,44,1,B44-1,ABAR,1264,,,
B,44,2,B44-2,ABAR,1265,0.003,1,
B,44,3,B44-3,ABAR,1266,0.2096,17,
B,45,1,B45-1,ABAR,1267,,,
B,45,2,B45-2,ABAR,1268,,,
B,45,3,B45-3,ABAR,1269,,,
B,46,1,B46-1,ABAR,1270,,,
B,46,2,B46-2,ABAR,1271,,,
B,46,3,B46-3,ABAR,1272,0.0045,1,
B,46,4,B46-4,ABAR,1273,0.0139,2,
B,46,5,B46-5,ABAR,1274,,,
B,46,6,B46-6,ABAR,1275,0.0165,2,
B,47,1,B47-1,ABAR,1276,,,
B,47,2,B47-2,ABAR,1277,,,
B,47,3,B47-3,ABAR,1278,0.1291,10,
B,47,4,B47-4,ABAR,1279,0.009,2,
B,47,5,B47-5,ABAR,1280,0.0518,4,
B,47,6,B47-6,ABAR,1281,,,
B,48,1,B48-1,ABAR,1282,0.0055,1,
B,48,2,B48-2,ABAR,1283,0.0165,1,
B,48,3,B48-3,ABAR,1284,0.0207,1,
B,48,4,B48-4,ABAR,1285,,,
B,48,5,B48-5,ABAR,1286,,,
B,48,6,B48-6,ABAR,1287,0.0113,1,
B,49,1,B49-1,ABAR,1288,,,
B,49,2,B49-2,ABAR,1289,,,
B,49,3,B49-3,ABAR,1290,,,
B,49,4,B49-4,ABAR,1291,,,
B,49,5,B49-5,ABAR,1292,0.0036,1,
B,49,6,B49-6,ABAR,1293,0.0073,1,
B,49,7,B49-7,ABAR,1294,,,
B,49,8,B49-8,ABAR,1295,,,
B,49,9,B49-9,ABAR,1296,,,
B,50,1,B50-1,ABAR,1297,0.0292,3,
B,50,2,B50-2,ABAR,1298,,,
B,50,3,B50-3,ABAR,1299,,,
B,50,4,B50-4,ABAR,1300,0.008,1,
B,50,5,B50-5,ABAR,1301,0.0797,8,
B,50,6,B50-6,ABAR,1302,0.0042,1,
B,50,7,B50-7,ABAR,1303,0.0366,3,
B,50,8,B50-8,ABAR,1304,,,
B,50,9,B50-9,ABAR,1305,0.036,4,
B,51,1,B51-1,ABAR,1306,,,
B,51,2,B51-2,ABAR,1307,0.0237,2,
B,51,3,B51-3,ABAR,1308,0.0677,16,
B,51,4,B51-4,ABAR,1309,,,
B,51,5,B51-5,ABAR,1310,,,
B,51,6,B51-6,ABAR,1311,,,
B,51,7,B51-7,ABAR,1312,,,
B,51,8,B51-8,ABAR,1313,,,
B,51,9,B51-9,ABAR,1314,,,
B,52,1,B52-1,ABAR,1315,,,
B,52,2,B52-2,ABAR,1316,0.012,1,
B,52,3,B52-3,ABAR,1317,,,
B,52,4,B52-4,ABAR,1318,0.0114,1,
B,52,5,B52-5,ABAR,1319,,,
B,52,6,B52-6,ABAR,1320,,,
B,52,7,B52-7,ABAR,1321,,,
B,52,8,B52-8,ABAR,1322,0.0088,1,
B,52,9,B52-9,ABAR,1323,,,
B,52,10,B52-10,ABAR,1324,0.0034,1,
B,52,11,B52-11,ABAR,1325,,,
B,52,12,B52-12,ABAR,1326,0.008,1,
B,53,1,B53-1,ABAR,1327,,,
B,53,2,B53-2,ABAR,1328,0.0096,1,
B,53,3,B53-3,ABAR,1329,0.015,1,
B,53,4,B53-4,ABAR,1330,,,
B,53,5,B53-5,ABAR,1331,,,
B,53,6,B53-6,ABAR,1332,,,
B,53,7,B53-7,ABAR,1333,0.0479,4,
B,53,8,B53-8,ABAR,1334,,,
B,53,9,B53-9,ABAR,1335,0.0066,1,
B,53,10,B53-10,ABAR,1336,0.028,,
B,53,11,B53-11,ABAR,1337,0.0268,,
B,53,12,B53-12,ABAR,1338,0.0088,2,
B,54,1,B54-1,ABAR,1339,,,
B,54,2,B54-2,ABAR,1340,,,
B,54,3,B54-3,ABAR,1341,,,
B,54,4,B54-4,ABAR,1342,,,
B,54,5,B54-5,ABAR,1343,,,
B,54,6,B54-6,ABAR,1344,,,
B,54,7,B54-7,ABAR,1345,,,
B,54,8,B54-8,ABAR,1346,,,
B,54,9,B54-9,ABAR,1347,,,
B,54,10,B54-10,ABAR,1348,,,
B,54,11,B54-11,ABAR,1349,,,
B,54,12,B54-12,ABAR,1350,,,
B,55,1,B55-1,ABAR,1351,,,
B,55,2,B55-2,RCAES,1352,,,
B,55,3,B55-3,PLAB,1353,,,
B,55,4,B55-4,ABIG,1354,,,
B,55,5,B55-5,ABAR,1355,,,
B,55,6,B55-6,ABAR,1356,,,
B,56,1,B56-1,ABAR,1357,,,
B,56,2,B56-2,ABIG,1358,0.054,,
B,56,3,B56-3,PLAB,1359,,,
B,56,4,B56-4,ABAR,1360,0.0352,,
B,56,5,B56-5,RCAES,1361,,,
B,56,6,B56-6,ABAR,1362,0.0238,4,
B,57,1,B57-1,ABAR,1363,,,
B,57,2,B57-2,RCAES,1364,,,
B,57,3,B57-3,ABAR,1365,,,
B,57,4,B57-4,PLAB,1366,,,
B,57,5,B57-5,ABAR,1367,,,
B,57,6,B57-6,ABIG,1368,,,
B,58,1,B58-1,ABIG,1369,,,
B,58,2,B58-2,ABAR,1370,,,
B,58,3,B58-3,RCAES,1371,,,
B,58,4,B58-4,ABAR,1372,0.0317,4,
B,58,5,B58-5,ABAR,1373,0.0082,1,
B,58,6,B58-6,PLAB,1374,,,
B,58,7,B58-7,ABAR,1375,,,
B,58,8,B58-8,ABAR,1376,0.0082,,
B,58,9,B58-9,ABAR,1377,,,
B,59,1,B59-1,ABAR,1378,,,
B,59,2,B59-2,RCAES,1379,,,
B,59,3,B59-3,ABAR,1380,,,
B,59,4,B59-4,ABAR,1381,,,
B,59,5,B59-5,ABAR,1382,,,
B,59,6,B59-6,ABAR,1383,,,
B,59,7,B59-7,ABAR,1384,,,
B,59,8,B59-8,ABIG,1385,,,
B,59,9,B59-9,PLAB,1386,,,
B,60,1,B60-1,PLAB,1387,,,
B,60,2,B60-2,ABAR,1388,,,
B,60,3,B60-3,ABAR,1389,,,
B,60,4,B60-4,ABIG,1390,,,
B,60,5,B60-5,ABAR,1391,,,
B,60,6,B60-6,ABAR,1392,,,
B,60,7,B60-7,RCAES,1393,,,
B,60,8,B60-8,ABAR,1394,,,
B,60,9,B60-9,ABAR,1395,,,
B,61,1,B61-1,ABAR,1396,,,
B,61,2,B61-2,ABAR,1397,,,
B,61,3,B61-3,RCAES,1398,,,
B,61,4,B61-4,ABAR,1399,,,
B,61,5,B61-5,ABAR,1400,,,
B,61,6,B61-6,PLAB,1401,,,
B,61,7,B61-7,ABAR,1402,,,
B,61,8,B61-8,ABAR,1403,,,
B,61,9,B61-9,ABIG,1404,,,
B,61,10,B61-10,ABAR,1405,,,
B,61,11,B61-11,ABAR,1406,,,
B,61,12,B61-12,ABAR,1407,,,
B,62,1,B62-1,PLAB,1408,,,
B,62,2,B62-2,RCAES,1409,,,
B,62,3,B62-3,ABAR,1410,0.0109,1,
B,62,4,B62-4,ABAR,1411,0.0146,,
B,62,5,B62-5,ABAR,1412,0.021,,
B,62,6,B62-6,ABIG,1413,,,
B,62,7,B62-7,ABAR,1414,0.0314,3,
B,62,8,B62-8,ABAR,1415,0.0233,,
B,62,9,B62-9,ABAR,1416,,,
B,62,10,B62-10,ABAR,1417,0.022,,
B,62,11,B62-11,ABAR,1418,0.0048,1,
B,62,12,B62-12,ABAR,1419,,,
B,63,1,B63-1,ABAR,1420,,,
B,63,2,B63-2,ABAR,1421,0.005,1,
B,63,3,B63-3,ABAR,1422,0.0145,3,
B,63,4,B63-4,ABAR,1423,0.0282,5,
B,63,5,B63-5,ABAR,1424,0.027,3,
B,63,6,B63-6,ABAR,1425,0.0239,2,
B,63,7,B63-7,ABAR,1426,,,
B,63,8,B63-8,ABAR,1427,,,
B,63,9,B63-9,PLAB,1428,,,
B,63,10,B63-10,ABAR,1429,0.0325,5,
B,63,11,B63-11,RCAES,1430,,,
B,63,12,B63-12,ABIG,1431,0.0145,,
B,64,1,B64-1,ABAR,1432,,,
B,64,2,B64-2,PLAB,1433,,,
B,64,3,B64-3,ABIG,1434,,,
B,64,4,B64-4,ABIG,1435,,,
B,64,5,B64-5,ABAR,1436,,,
B,64,6,B64-6,PLAB,1437,,,
B,64,7,B64-7,RCAES,1438,,,
B,64,8,B64-8,RCAES,1439,,,
B,64,9,B64-9,ABAR,1440,,,
B,65,1,B65-1,ABIG,1441,,,
B,65,2,B65-2,ABAR,1442,0.0158,,
B,65,3,B65-3,RCAES,1443,,,
B,65,4,B65-4,PLAB,1444,,,
B,65,5,B65-5,PLAB,1445,,,
B,65,6,B65-6,ABAR,1446,,,
B,65,7,B65-7,RCAES,1447,,,
B,65,8,B65-8,ABIG,1448,,,
B,65,9,B65-9,ABAR,1449,,,
B,66,1,B66-1,RCAES,1450,,,
B,66,2,B66-2,PLAB,1451,,,
B,66,3,B66-3,ABIG,1452,,,
B,66,4,B66-4,ABAR,1453,0.016,2,
B,66,5,B66-5,ABAR,1454,0.0082,2,
B,66,6,B66-6,ABIG,1455,,,
B,66,7,B66-7,ABAR,1456,0.0182,4,
B,66,8,B66-8,RCAES,1457,,,
B,66,9,B66-9,PLAB,1458,,,
B,67,1,B67-1,ABAR,1459,0.077,1,
B,67,2,B67-2,ABAR,1460,,,
B,67,3,B67-3,ABAR,1461,,,
B,67,4,B67-4,ABAR,1462,,,
B,67,5,B67-5,PLAB,1463,,,
B,67,6,B67-6,ABAR,1464,0.0066,1,
B,67,7,B67-7,PLAB,1465,,,
B,67,8,B67-8,ABAR,1466,,,
B,67,9,B67-9,RCAES,1467,,,
B,67,10,B67-10,ABIG,1468,0.0084,,
B,67,11,B67-11,RCAES,1469,,,
B,67,12,B67-12,ABIG,1470,,,
B,68,1,B68-1,RCAES,1471,,,
B,68,2,B68-2,PLAB,1472,,,
B,68,3,B68-3,RCAES,1473,,,
B,68,4,B68-4,ABAR,1474,,,
B,68,5,B68-5,ABAR,1475,0.004,1,
B,68,6,B68-6,ABAR,1476,0.0513,4,
B,68,7,B68-7,ABAR,1477,,,
B,68,8,B68-8,ABIG,1478,,,
B,68,9,B68-9,PLAB,1479,,,
B,68,10,B68-10,ABIG,1480,,,
B,68,11,B68-11,ABAR,1481,0.0047,1,
B,68,12,B68-12,ABAR,1482,,,
B,69,1,B69-1,ABAR,1483,0.0064,2,
B,69,2,B69-2,ABAR,1484,0.0158,2,
B,69,3,B69-3,ABIG,1485,,,
B,69,4,B69-4,PLAB,1486,,,
B,69,5,B69-5,ABIG,1487,,,
B,69,6,B69-6,PLAB,1488,,,
B,69,7,B69-7,RCAES,1489,,,
B,69,8,B69-8,ABAR,1490,,,
B,69,9,B69-9,ABAR,1491,0.08,6,
B,69,10,B69-10,ABAR,1492,,,
B,69,11,B69-11,ABAR,1493,,,
B,69,12,B69-12,RCAES,1494,,,
B,70,1,B70-1,RCAES,1495,,,
B,70,2,B70-2,ABAR,1496,0.0068,1,
B,70,3,B70-3,RCAES,1497,,,
B,70,4,B70-4,RCAES,1498,,,
B,70,5,B70-5,ABIG,1499,0.0103,,
B,70,6,B70-6,ABIG,1500,,,
B,70,7,B70-7,ABAR,1501,,,
B,70,8,B70-8,PLAB,1502,,,
B,70,9,B70-9,ABIG,1503,,,
B,70,10,B70-10,ABAR,1504,0.0031,1,
B,70,11,B70-11,PLAB,1505,,,
B,70,12,B70-12,PLAB,1506,,,
B,71,1,B71-1,RCAES,1507,,,
B,71,2,B71-2,ABIG,1508,,,
B,71,3,B71-3,RCAES,1509,,,
B,71,4,B71-4,ABIG,1510,,,
B,71,5,B71-5,ABAR,1511,0.0094,2,
B,71,6,B71-6,PLAB,1512,,,
B,71,7,B71-7,PLAB,1513,,,
B,71,8,B71-8,ABAR,1514,0.0097,2,
B,71,9,B71-9,ABAR,1515,0.0179,3,
B,71,10,B71-10,RCAES,1516,,,
B,71,11,B71-11,ABIG,1517,,,
B,71,12,B71-12,PLAB,1518,,,
B,72,1,B72-1,PLAB,1519,,,
B,72,2,B72-2,ABAR,1520,0.0219,2,
B,72,3,B72-3,ABAR,1521,,,
B,72,4,B72-4,PLAB,1522,,,
B,72,5,B72-5,RCAES,1523,,,
B,72,6,B72-6,ABAR,1524,,,
B,72,7,B72-7,RCAES,1525,,,
B,72,8,B72-8,RCAES,1526,,,
B,72,9,B72-9,ABIG,1527,,,
B,72,10,B72-10,PLAB,1528,,,
B,72,11,B72-11,ABIG,1529,,,
B,72,12,B72-12,ABIG,1530,,,
B,73,1,B73-1,ECUR,1531,,,
B,73,2,B73-2,ECUR,1532,,,
B,73,3,B73-3,ECUR,1533,,,
B,74,1,B74-1,ECUR,1534,0.0116,,
B,74,2,B74-2,ECUR,1535,0.0141,,
B,74,3,B74-3,ECUR,1536,0.0159,,
B,75,1,B75-1,ECUR,1537,0.037,,
B,75,2,B75-2,ECUR,1538,,,
B,75,3,B75-3,ECUR,1539,,,
B,76,1,B76-1,ECUR,1540,,,
B,76,2,B76-2,ECUR,1541,,,
B,76,3,B76-3,ECUR,1542,,,
B,76,4,B76-4,ECUR,1543,,,
B,76,5,B76-5,ECUR,1544,,,
B,76,6,B76-6,ECUR,1545,,,
B,77,1,B77-1,ECUR,1546,,,
B,77,2,B77-2,ECUR,1547,0.0061,,
B,77,3,B77-3,ECUR,1548,,,
B,77,4,B77-4,ECUR,1549,,,
B,77,5,B77-5,ECUR,1550,,,
B,77,6,B77-6,ECUR,1551,,,
B,78,1,B78-1,ECUR,1552,,,
B,78,2,B78-2,ECUR,1553,0.0153,,
B,78,3,B78-3,ECUR,1554,0.0153,,
B,78,4,B78-4,ECUR,1555,0.0155,,
B,78,5,B78-5,ECUR,1556,0.0189,,
B,78,6,B78-6,ECUR,1557,0.0168,,
B,79,1,B79-1,ECUR,1558,,,
B,79,2,B79-2,ECUR,1559,,,
B,79,3,B79-3,ECUR,1560,,,
B,79,4,B79-4,ECUR,1561,,,
B,79,5,B79-5,ECUR,1562,,,
B,79,6,B79-6,ECUR,1563,,,
B,79,7,B79-7,ECUR,1564,,,
B,79,8,B79-8,ECUR,1565,,,
B,79,9,B79-9,ECUR,1566,,,
B,80,1,B80-1,ECUR,1567,,,
B,80,2,B80-2,ECUR,1568,,,
B,80,3,B80-3,ECUR,1569,,,
B,80,4,B80-4,ECUR,1570,,,
B,80,5,B80-5,ECUR,1571,,,
B,80,6,B80-6,ECUR,1572,,,
B,80,7,B80-7,ECUR,1573,,,
B,80,8,B80-8,ECUR,1574,,,
B,80,9,B80-9,ECUR,1575,,,
B,81,1,B81-1,ECUR,1576,,,
B,81,2,B81-2,ECUR,1577,,,
B,81,3,B81-3,ECUR,1578,0.0102,,
B,81,4,B81-4,ECUR,1579,0.0131,,
B,81,5,B81-5,ECUR,1580,,,
B,81,6,B81-6,ECUR,1581,,,
B,81,7,B81-7,ECUR,1582,0.0126,,
B,81,8,B81-8,ECUR,1583,,,
B,81,9,B81-9,ECUR,1584,0.0123,,
B,82,1,B82-1,ECUR,1585,,,
B,82,2,B82-2,ECUR,1586,,,
B,82,3,B82-3,ECUR,1587,,,
B,82,4,B82-4,ECUR,1588,,,
B,82,5,B82-5,ECUR,1589,,,
B,82,6,B82-6,ECUR,1590,,,
B,82,7,B82-7,ECUR,1591,,,
B,82,8,B82-8,ECUR,1592,,,
B,82,9,B82-9,ECUR,1593,,,
B,82,10,B82-10,ECUR,1594,,,
B,82,11,B82-11,ECUR,1595,,,
B,82,12,B82-12,ECUR,1596,,,
B,83,1,B83-1,ECUR,1597,,,
B,83,2,B83-2,ECUR,1598,,,
B,83,3,B83-3,ECUR,1599,,,
B,83,4,B83-4,ECUR,1600,,,
B,83,5,B83-5,ECUR,1601,,,
B,83,6,B83-6,ECUR,1602,,,
B,83,7,B83-7,ECUR,1603,,,
B,83,8,B83-8,ECUR,1604,,,
B,83,9,B83-9,ECUR,1605,,,
B,83,10,B83-10,ECUR,1606,,,
B,83,11,B83-11,ECUR,1607,,,
B,83,12,B83-12,ECUR,1608,,,
B,84,1,B84-1,ECUR,1609,0.0142,,
B,84,2,B84-2,ECUR,1610,,,
B,84,3,B84-3,ECUR,1611,,,
B,84,4,B84-4,ECUR,1612,,,
B,84,5,B84-5,ECUR,1613,,,
B,84,6,B84-6,ECUR,1614,,,
B,84,7,B84-7,ECUR,1615,,,
B,84,8,B84-8,ECUR,1616,,,
B,84,9,B84-9,ECUR,1617,,,
B,84,10,B84-10,ECUR,1618,,,
B,84,11,B84-11,ECUR,1619,0.0119,,
B,84,12,B84-12,ECUR,1620,0.0173,,
B,85,1,B85-1,ECUR,1621,,,
B,85,2,B85-2,ECUR,1622,,,
B,85,3,B85-3,ECUR,1623,,,
B,85,4,B85-4,RCAES,1624,,,
B,85,5,B85-5,PLAB,1625,,,
B,85,6,B85-6,ABIG,1626,,,
B,86,1,B86-1,PLAB,1627,,,
B,86,2,B86-2,RCAES,1628,,,
B,86,3,B86-3,ECUR,1629,,,
B,86,4,B86-4,ECUR,1630,,,
B,86,5,B86-5,ECUR,1631,,,
B,86,6,B86-6,ABIG,1632,,,
B,87,1,B87-1,ABIG,1633,,,
B,87,2,B87-2,ECUR,1634,0.0145,,
B,87,3,B87-3,ECUR,1635,0.0071,,
B,87,4,B87-4,ECUR,1636,,,
B,87,5,B87-5,PLAB,1637,,,
B,87,6,B87-6,RCAES,1638,,,
B,88,1,B88-1,ECUR,1639,,,
B,88,2,B88-2,ABIG,1640,,,
B,88,3,B88-3,ECUR,1641,,,
B,88,4,B88-4,ECUR,1642,,,
B,88,5,B88-5,ECUR,1643,,,
B,88,6,B88-6,PLAB,1644,,,
B,88,7,B88-7,RCAES,1645,,,
B,88,8,B88-8,ECUR,1646,,,
B,88,9,B88-9,ECUR,1647,,,
B,89,1,B89-1,RCAES,1648,,,
B,89,2,B89-2,ECUR,1649,,,
B,89,3,B89-3,ECUR,1650,,,
B,89,4,B89-4,ECUR,1651,,,
B,89,5,B89-5,ECUR,1652,,,
B,89,6,B89-6,ECUR,1653,,,
B,89,7,B89-7,PLAB,1654,,,
B,89,8,B89-8,ABIG,1655,,,
B,89,9,B89-9,ECUR,1656,,,
B,90,1,B90-1,ECUR,1657,,,
B,90,2,B90-2,RCAES,1658,,,
B,90,3,B90-3,ECUR,1659,,,
B,90,4,B90-4,ECUR,1660,,,
B,90,5,B90-5,PLAB,1661,,,
B,90,6,B90-6,ECUR,1662,,,
B,90,7,B90-7,ABIG,1663,,,
B,90,8,B90-8,ECUR,1664,,,
B,90,9,B90-9,ECUR,1665,0.0058,,
B,91,1,B91-1,ECUR,1666,,,
B,91,2,B91-2,ECUR,1667,,,
B,91,3,B91-3,RCAES,1668,,,
B,91,4,B91-4,ECUR,1669,,,
B,91,5,B91-5,ECUR,1670,,,
B,91,6,B91-6,ECUR,1671,,,
B,91,7,B91-7,ECUR,1672,,,
B,91,8,B91-8,ECUR,1673,,,
B,91,9,B91-9,ECUR,1674,,,
B,91,10,B91-10,ECUR,1675,,,
B,91,11,B91-11,ABIG,1676,,,
B,91,12,B91-12,PLAB,1677,,,
B,92,1,B92-1,ECUR,1678,,,
B,92,2,B92-2,ECUR,1679,,,
B,92,3,B92-3,ECUR,1680,,,
B,92,4,B92-4,ECUR,1681,,,
B,92,5,B92-5,ECUR,1682,,,
B,92,6,B92-6,ECUR,1683,,,
B,92,7,B92-7,ECUR,1684,,,
B,92,8,B92-8,PLAB,1685,,,
B,92,9,B92-9,ABIG,1686,,,
B,92,10,B92-10,ECUR,1687,,,
B,92,11,B92-11,ECUR,1688,,,
B,92,12,B92-12,RCAES,1689,,,
B,93,1,B93-1,ECUR,1690,,,
B,93,2,B93-2,ECUR,1691,,,
B,93,3,B93-3,ECUR,1692,,,
B,93,4,B93-4,ECUR,1693,,,
B,93,5,B93-5,ECUR,1694,,,
B,93,6,B93-6,PLAB,1695,,,
B,93,7,B93-7,RCAES,1696,,,
B,93,8,B93-8,ECUR,1697,,,
B,93,9,B93-9,ECUR,1698,,,
B,93,10,B93-10,ECUR,1699,,,
B,93,11,B93-11,ECUR,1700,,,
B,93,12,B93-12,ABIG,1701,,,
B,94,1,B94-1,ECUR,1702,,,
B,94,2,B94-2,ECUR,1703,,,
B,94,3,B94-3,RCAES,1704,,,
B,94,4,B94-4,PLAB,1705,,,
B,94,5,B94-5,ABIG,1706,,,
B,94,6,B94-6,RCAES,1707,,,
B,94,7,B94-7,ECUR,1708,,,
B,94,8,B94-8,ABIG,1709,,,
B,94,9,B94-9,PLAB,1710,,,
B,95,1,B95-1,ABIG,1711,,,
B,95,2,B95-2,PLAB,1712,,,
B,95,3,B95-3,ECUR,1713,,,
B,95,4,B95-4,RCAES,1714,,,
B,95,5,B95-5,PLAB,1715,,,
B,95,6,B95-6,ABIG,1716,,,
B,95,7,B95-7,ECUR,1717,,,
B,95,8,B95-8,RCAES,1718,,,
B,95,9,B95-9,ECUR,1719,,,
B,96,1,B96-1,RCAES,1720,,,
B,96,2,B96-2,ABIG,1721,,,
B,96,3,B96-3,PLAB,1722,,,
B,96,4,B96-4,ECUR,1723,,,
B,96,5,B96-5,ECUR,1724,,,
B,96,6,B96-6,RCAES,1725,,,
B,96,7,B96-7,PLAB,1726,,,
B,96,8,B96-8,ABIG,1727,,,
B,96,9,B96-9,ECUR,1728,0.0036,,
B,97,1,B97-1,RCAES,1729,,,
B,97,2,B97-2,PLAB,1730,,,
B,97,3,B97-3,ECUR,1731,,,
B,97,4,B97-4,ECUR,1732,,,
B,97,5,B97-5,ECUR,1733,,,
B,97,6,B97-6,ECUR,1734,,,
B,97,7,B97-7,RCAES,1735,,,
B,97,8,B97-8,ABIG,1736,,,
B,97,9,B97-9,ECUR,1737,,,
B,97,10,B97-10,ABIG,1738,,,
B,97,11,B97-11,ECUR,1739,,,
B,97,12,B97-12,PLAB,1740,,,
B,98,1,B98-1,ECUR,1741,,,
B,98,2,B98-2,ECUR,1742,,,
B,98,3,B98-3,ECUR,1743,,,
B,98,4,B98-4,ECUR,1744,,,
B,98,5,B98-5,PLAB,1745,,,
B,98,6,B98-6,RCAES,1746,,,
B,98,7,B98-7,PLAB,1747,,,
B,98,8,B98-8,ABIG,1748,,,
B,98,9,B98-9,ECUR,1749,,,
B,98,10,B98-10,ECUR,1750,,,
B,98,11,B98-11,RCAES,1751,,,
B,98,12,B98-12,ABIG,1752,,,
B,99,1,B99-1,ECUR,1753,,,
B,99,2,B99-2,ABIG,1754,,,
B,99,3,B99-3,ECUR,1755,,,
B,99,4,B99-4,PLAB,1756,,,
B,99,5,B99-5,ECUR,1757,,,
B,99,6,B99-6,ECUR,1758,,,
B,99,7,B99-7,RCAES,1759,,,
B,99,8,B99-8,ECUR,1760,,,
B,99,9,B99-9,ABIG,1761,,,
B,99,10,B99-10,RCAES,1762,,,
B,99,11,B99-11,ECUR,1763,,,
B,99,12,B99-12,PLAB,1764,,,
B,100,1,B100-1,ABIG,1765,0.008,,
B,100,2,B100-2,PLAB,1766,,,
B,100,3,B100-3,RCAES,1767,,,
B,100,4,B100-4,RCAES,1768,,,
B,100,5,B100-5,ABIG,1769,,,
B,100,6,B100-6,ECUR,1770,,,
B,100,7,B100-7,ECUR,1771,,,
B,100,8,B100-8,RCAES,1772,,,
B,100,9,B100-9,ABIG,1773,,,
B,100,10,B100-10,PLAB,1774,,,
B,100,11,B100-11,ECUR,1775,,,
B,100,12,B100-12,PLAB,1776,,,
B,101,1,B101-1,ABIG,1777,,,
B,101,2,B101-2,ECUR,1778,,,
B,101,3,B101-3,PLAB,1779,,,
B,101,4,B101-4,RCAES,1780,,,
B,101,5,B101-5,RCAES,1781,,,
B,101,6,B101-6,ECUR,1782,,,
B,101,7,B101-7,PLAB,1783,,,
B,101,8,B101-8,PLAB,1784,,,
B,101,9,B101-9,ECUR,1785,,,
B,101,10,B101-10,ABIG,1786,0.0361,,
B,101,11,B101-11,ABIG,1787,,,
B,101,12,B101-12,RCAES,1788,,,
B,102,1,B102-1,ABIG,1789,,,
B,102,2,B102-2,RCAES,1790,,,
B,102,3,B102-3,RCAES,1791,,,
B,102,4,B102-4,ABIG,1792,,,
B,102,5,B102-5,ECUR,1793,,,
B,102,6,B102-6,ECUR,1794,,,
B,102,7,B102-7,ABIG,1795,,,
B,102,8,B102-8,RCAES,1796,,,
B,102,9,B102-9,ECUR,1797,,,
B,102,10,B102-10,PLAB,1798,,,
B,102,11,B102-11,PLAB,1799,,,
B,102,12,B102-12,PLAB,1800,,,
C,1,1,C1-1,ABIG,1801,,,
C,1,2,C1-2,RCAES,1802,,,
C,1,3,C1-3,PLAB,1803,,,
C,2,1,C2-1,ABIG,1804,,,
C,2,2,C2-2,PLAB,1805,,,
C,2,3,C2-3,RCAES,1806,,,
C,3,1,C3-1,ABIG,1807,,,
C,3,2,C3-2,RCAES,1808,,,
C,3,3,C3-3,PLAB,1809,,,
C,4,1,C4-1,RCAES,1810,,,
C,4,2,C4-2,PLAB,1811,,,
C,4,3,C4-3,PLAB,1812,,,
C,4,4,C4-4,ABIG,1813,,,
C,4,5,C4-5,ABIG,1814,,,
C,4,6,C4-6,RCAES,1815,,,
C,5,1,C5-1,RCAES,1816,,,
C,5,2,C5-2,PLAB,1817,,,
C,5,3,C5-3,RCAES,1818,,,
C,5,4,C5-4,ABIG,1819,,,
C,5,5,C5-5,PLAB,1820,,,
C,5,6,C5-6,ABIG,1821,,,
C,6,1,C6-1,ABIG,1822,,,
C,6,2,C6-2,PLAB,1823,,,
C,6,3,C6-3,PLAB,1824,,,
C,6,4,C6-4,RCAES,1825,,,
C,6,5,C6-5,ABIG,1826,,,
C,6,6,C6-6,RCAES,1827,,,
C,7,1,C7-1,PLAB,1828,,,
C,7,2,C7-2,PLAB,1829,,,
C,7,3,C7-3,RCAES,1830,,,
C,7,4,C7-4,RCAES,1831,,,
C,7,5,C7-5,ABIG,1832,,,
C,7,6,C7-6,PLAB,1833,,,
C,7,7,C7-7,RCAES,1834,,,
C,7,8,C7-8,ABIG,1835,,,
C,7,9,C7-9,ABIG,1836,,,
C,8,1,C8-1,ABIG,1837,,,
C,8,2,C8-2,RCAES,1838,,,
C,8,3,C8-3,ABIG,1839,,,
C,8,4,C8-4,ABIG,1840,,,
C,8,5,C8-5,PLAB,1841,,,
C,8,6,C8-6,PLAB,1842,,,
C,8,7,C8-7,RCAES,1843,,,
C,8,8,C8-8,RCAES,1844,,,
C,8,9,C8-9,PLAB,1845,,,
C,9,1,C9-1,RCAES,1846,,,
C,9,2,C9-2,PLAB,1847,,,
C,9,3,C9-3,RCAES,1848,,,
C,9,4,C9-4,ABIG,1849,,,
C,9,5,C9-5,ABIG,1850,,,
C,9,6,C9-6,PLAB,1851,,,
C,9,7,C9-7,PLAB,1852,,,
C,9,8,C9-8,RCAES,1853,,,
C,9,9,C9-9,ABIG,1854,,,
C,10,1,C10-1,PLAB,1855,,,
C,10,2,C10-2,PLAB,1856,,,
C,10,3,C10-3,ABIG,1857,,,
C,10,4,C10-4,PLAB,1858,,,
C,10,5,C10-5,RCAES,1859,,,
C,10,6,C10-6,PLAB,1860,,,
C,10,7,C10-7,ABIG,1861,0.0148,,
C,10,8,C10-8,ABIG,1862,,,
C,10,9,C10-9,RCAES,1863,,,
C,10,10,C10-10,RCAES,1864,,,
C,10,11,C10-11,ABIG,1865,,,
C,10,12,C10-12,RCAES,1866,,,
C,11,1,C11-1,ABIG,1867,,,
C,11,2,C11-2,PLAB,1868,,,
C,11,3,C11-3,PLAB,1869,,,
C,11,4,C11-4,RCAES,1870,,,
C,11,5,C11-5,ABIG,1871,,,
C,11,6,C11-6,ABIG,1872,,,
C,11,7,C11-7,RCAES,1873,,,
C,11,8,C11-8,RCAES,1874,,,
C,11,9,C11-9,PLAB,1875,,,
C,11,10,C11-10,RCAES,1876,,,
C,11,11,C11-11,ABIG,1877,,,
C,11,12,C11-12,PLAB,1878,,,
C,12,1,C12-1,RCAES,1879,,,
C,12,2,C12-2,PLAB,1880,,,
C,12,3,C12-3,RCAES,1881,,,
C,12,4,C12-4,ABIG,1882,,,
C,12,5,C12-5,PLAB,1883,,,
C,12,6,C12-6,ABIG,1884,,,
C,12,7,C12-7,PLAB,1885,,,
C,12,8,C12-8,RCAES,1886,,,
C,12,9,C12-9,RCAES,1887,,,
C,12,10,C12-10,ABIG,1888,,,
C,12,11,C12-11,PLAB,1889,,,
C,12,12,C12-12,ABIG,1890,,,
C,13,1,C13-1,BDIA,1891,,,
C,13,2,C13-2,BDIA,1892,0.1094,,
C,13,3,C13-3,BDIA,1893,0.1092,,
C,14,1,C14-1,BDIA,1894,0.2936,,
C,14,2,C14-2,BDIA,1895,,,
C,14,3,C14-3,BDIA,1896,,,
C,15,1,C15-1,BDIA,1897,,,
C,15,2,C15-2,BDIA,1898,0.6855,,
C,15,3,C15-3,BDIA,1899,0.6418,,
C,16,1,C16-1,BDIA,1900,0.0391,,
C,16,2,C16-2,BDIA,1901,0.0732,,
C,16,3,C16-3,BDIA,1902,0.0694,,
C,16,4,C16-4,BDIA,1903,0.0551,,
C,16,5,C16-5,BDIA,1904,0.0404,,
C,16,6,C16-6,BDIA,1905,0.0443,,
C,17,1,C17-1,BDIA,1906,0.2064,,
C,17,2,C17-2,BDIA,1907,0.2087,,
C,17,3,C17-3,BDIA,1908,0.1085,,
C,17,4,C17-4,BDIA,1909,0.1477,,
C,17,5,C17-5,BDIA,1910,0.1116,,
C,17,6,C17-6,BDIA,1911,0.1559,,
C,18,1,C18-1,BDIA,1912,0.1953,,
C,18,2,C18-2,BDIA,1913,0.189,,
C,18,3,C18-3,BDIA,1914,0.287,,
C,18,4,C18-4,BDIA,1915,0.1501,,
C,18,5,C18-5,BDIA,1916,0.0246,,
C,18,6,C18-6,BDIA,1917,0.2694,,
C,19,1,C19-1,BDIA,1918,0.0296,,
C,19,2,C19-2,BDIA,1919,0.0195,,
C,19,3,C19-3,BDIA,1920,0.0391,,
C,19,4,C19-4,BDIA,1921,0.0466,,
C,19,5,C19-5,BDIA,1922,0.0605,,
C,19,6,C19-6,BDIA,1923,0.0361,,
C,19,7,C19-7,BDIA,1924,,,
C,19,8,C19-8,BDIA,1925,0.0664,,
C,19,9,C19-9,BDIA,1926,,,
C,20,1,C20-1,BDIA,1927,0.1259,,
C,20,2,C20-2,BDIA,1928,0.1042,,
C,20,3,C20-3,BDIA,1929,0.0452,,
C,20,4,C20-4,BDIA,1930,0.0805,,
C,20,5,C20-5,BDIA,1931,0.0908,,
C,20,6,C20-6,BDIA,1932,0.0578,,
C,20,7,C20-7,BDIA,1933,0.1381,,
C,20,8,C20-8,BDIA,1934,0.0635,,
C,20,9,C20-9,BDIA,1935,0.1178,,
C,21,1,C21-1,BDIA,1936,0.1215,,
C,21,2,C21-2,BDIA,1937,0.2509,,
C,21,3,C21-3,BDIA,1938,0.1683,,
C,21,4,C21-4,BDIA,1939,0.1831,,
C,21,5,C21-5,BDIA,1940,0.1349,,
C,21,6,C21-6,BDIA,1941,0.0837,,
C,21,7,C21-7,BDIA,1942,0.1292,,
C,21,8,C21-8,BDIA,1943,0.1962,,
C,21,9,C21-9,BDIA,1944,0.0907,,
C,22,1,C22-1,BDIA,1945,0.0481,,
C,22,2,C22-2,BDIA,1946,0.0312,,
C,22,3,C22-3,BDIA,1947,0.0271,,
C,22,4,C22-4,BDIA,1948,0.0378,,
C,22,5,C22-5,BDIA,1949,0.0338,,
C,22,6,C22-6,BDIA,1950,0.0367,,
C,22,7,C22-7,BDIA,1951,0.0142,,
C,22,8,C22-8,BDIA,1952,0.029,,
C,22,9,C22-9,BDIA,1953,0.0247,,
C,22,10,C22-10,BDIA,1954,0.0537,,
C,22,11,C22-11,BDIA,1955,0.0143,,
C,22,12,C22-12,BDIA,1956,0.0357,,
C,23,1,C23-1,BDIA,1957,0.0674,,
C,23,2,C23-2,BDIA,1958,0.0177,,
C,23,3,C23-3,BDIA,1959,0.0528,,
C,23,4,C23-4,BDIA,1960,0.0574,,
C,23,5,C23-5,BDIA,1961,0.0478,,
C,23,6,C23-6,BDIA,1962,0.0451,,
C,23,7,C23-7,BDIA,1963,0.0847,,
C,23,8,C23-8,BDIA,1964,0.0487,,
C,23,9,C23-9,BDIA,1965,0.0773,,
C,23,10,C23-10,BDIA,1966,0.0823,,
C,23,11,C23-11,BDIA,1967,,,
C,23,12,C23-12,BDIA,1968,0.1082,,
C,24,1,C24-1,BDIA,1969,0.107,,
C,24,2,C24-2,BDIA,1970,0.0828,,
C,24,3,C24-3,BDIA,1971,0.1544,,
C,24,4,C24-4,BDIA,1972,0.1002,,
C,24,5,C24-5,BDIA,1973,0.1363,,
C,24,6,C24-6,BDIA,1974,0.0926,,
C,24,7,C24-7,BDIA,1975,0.1741,,
C,24,8,C24-8,BDIA,1976,0.1626,,
C,24,9,C24-9,BDIA,1977,0.1956,,
C,24,10,C24-10,BDIA,1978,0.2163,,
C,24,11,C24-11,BDIA,1979,0.143,,
C,24,12,C24-12,BDIA,1980,0.2628,,
C,25,1,C25-1,BDIA,1981,0.0566,,
C,25,2,C25-2,BDIA,1982,0.0488,,
C,25,3,C25-3,RCAES,1983,,,
C,25,4,C25-4,PLAB,1984,,,
C,25,5,C25-5,ABIG,1985,,,
C,25,6,C25-6,BDIA,1986,0.2232,,
C,26,1,C26-1,PLAB,1987,,,
C,26,2,C26-2,RCAES,1988,,,
C,26,3,C26-3,BDIA,1989,0.1636,,
C,26,4,C26-4,BDIA,1990,0.2044,,
C,26,5,C26-5,ABIG,1991,,,
C,26,6,C26-6,BDIA,1992,0.1571,,
C,27,1,C27-1,RCAES,1993,,,
C,27,2,C27-2,PLAB,1994,,,
C,27,3,C27-3,BDIA,1995,0.1381,,
C,27,4,C27-4,BDIA,1996,0.3117,,
C,27,5,C27-5,ABIG,1997,,,
C,27,6,C27-6,BDIA,1998,,,
C,28,1,C28-1,BDIA,1999,0.0469,,
C,28,2,C28-2,BDIA,2000,0.0353,,
C,28,3,C28-3,PLAB,2001,,,
C,28,4,C28-4,BDIA,2002,0.0482,,
C,28,5,C28-5,RCAES,2003,,,
C,28,6,C28-6,ABIG,2004,0.0146,,
C,28,7,C28-7,BDIA,2005,0.0575,,
C,28,8,C28-8,BDIA,2006,0.0449,,
C,28,9,C28-9,BDIA,2007,0.0563,,
C,29,1,C29-1,BDIA,2008,0.1477,,
C,29,2,C29-2,BDIA,2009,,,
C,29,3,C29-3,ABIG,2010,,,
C,29,4,C29-4,BDIA,2011,0.1033,,
C,29,5,C29-5,BDIA,2012,0.1093,,
C,29,6,C29-6,BDIA,2013,0.11,,
C,29,7,C29-7,PLAB,2014,,,
C,29,8,C29-8,BDIA,2015,0.0889,,
C,29,9,C29-9,RCAES,2016,,,
C,30,1,C30-1,BDIA,2017,0.0316,,
C,30,2,C30-2,RCAES,2018,,,
C,30,3,C30-3,BDIA,2019,0.2453,,
C,30,4,C30-4,ABIG,2020,,,
C,30,5,C30-5,BDIA,2021,0.2244,,
C,30,6,C30-6,PLAB,2022,,,
C,30,7,C30-7,BDIA,2023,0.31,,
C,30,8,C30-8,BDIA,2024,0.2273,,
C,30,9,C30-9,BDIA,2025,0.058,,
C,31,1,C31-1,BDIA,2026,0.0458,,
C,31,2,C31-2,BDIA,2027,0.0314,,
C,31,3,C31-3,ABIG,2028,,,
C,31,4,C31-4,RCAES,2029,,,
C,31,5,C31-5,BDIA,2030,0.0218,,
C,31,6,C31-6,BDIA,2031,0.0158,,
C,31,7,C31-7,BDIA,2032,0.0163,,
C,31,8,C31-8,BDIA,2033,0.0288,,
C,31,9,C31-9,BDIA,2034,0.0281,,
C,31,10,C31-10,PLAB,2035,,,
C,31,11,C31-11,BDIA,2036,0.0237,,
C,31,12,C31-12,BDIA,2037,0.0326,,
C,32,1,C32-1,ABIG,2038,,,
C,32,2,C32-2,RCAES,2039,,,
C,32,3,C32-3,BDIA,2040,0.094,,
C,32,4,C32-4,BDIA,2041,0.0999,,
C,32,5,C32-5,BDIA,2042,0.1114,,
C,32,6,C32-6,BDIA,2043,0.1121,,
C,32,7,C32-7,BDIA,2044,0.0891,,
C,32,8,C32-8,PLAB,2045,,,
C,32,9,C32-9,BDIA,2046,0.1158,,
C,32,10,C32-10,BDIA,2047,0.1117,,
C,32,11,C32-11,BDIA,2048,0.1152,,
C,32,12,C32-12,BDIA,2049,0.025,,
C,33,1,C33-1,BDIA,2050,0.1517,,
C,33,2,C33-2,BDIA,2051,0.2172,,
C,33,3,C33-3,BDIA,2052,0.2408,,
C,33,4,C33-4,BDIA,2053,0.1756,,
C,33,5,C33-5,BDIA,2054,0.204,,
C,33,6,C33-6,ABIG,2055,0.0634,,
C,33,7,C33-7,RCAES,2056,,,
C,33,8,C33-8,BDIA,2057,0.2779,,
C,33,9,C33-9,BDIA,2058,0.1192,,
C,33,10,C33-10,BDIA,2059,0.3377,,
C,33,11,C33-11,BDIA,2060,0.0703,,
C,33,12,C33-12,PLAB,2061,,,
C,34,1,C34-1,RCAES,2062,,,
C,34,2,C34-2,ABIG,2063,,,
C,34,3,C34-3,PLAB,2064,,,
C,34,4,C34-4,PLAB,2065,,,
C,34,5,C34-5,BDIA,2066,0.045,,
C,34,6,C34-6,RCAES,2067,,,
C,34,7,C34-7,BDIA,2068,0.0524,,
C,34,8,C34-8,BDIA,2069,0.036,,
C,34,9,C34-9,ABIG,2070,,,
C,35,1,C35-1,ABIG,2071,,,
C,35,2,C35-2,PLAB,2072,,,
C,35,3,C35-3,BDIA,2073,0.1824,,
C,35,4,C35-4,ABIG,2074,,,
C,35,5,C35-5,RCAES,2075,,,
C,35,6,C35-6,BDIA,2076,0.3102,,
C,35,7,C35-7,PLAB,2077,,,
C,35,8,C35-8,BDIA,2078,,,
C,35,9,C35-9,RCAES,2079,,,
C,36,1,C36-1,BDIA,2080,0.4955,,
C,36,2,C36-2,BDIA,2081,0.0785,,
C,36,3,C36-3,RCAES,2082,,,
C,36,4,C36-4,ABIG,2083,,,
C,36,5,C36-5,PLAB,2084,,,
C,36,6,C36-6,ABIG,2085,,,
C,36,7,C36-7,PLAB,2086,,,
C,36,8,C36-8,BDIA,2087,0.0604,,
C,36,9,C36-9,RCAES,2088,,,
C,37,1,C37-1,BDIA,2089,0.0167,,
C,37,2,C37-2,BDIA,2090,0.032,,
C,37,3,C37-3,ABIG,2091,,,
C,37,4,C37-4,BDIA,2092,0.0538,,
C,37,5,C37-5,BDIA,2093,,,
C,37,6,C37-6,PLAB,2094,,,
C,37,7,C37-7,ABIG,2095,,,
C,37,8,C37-8,RCAES,2096,,,
C,37,9,C37-9,RCAES,2097,,,
C,37,10,C37-10,BDIA,2098,0.106,,
C,37,11,C37-11,PLAB,2099,,,
C,37,12,C37-12,BDIA,2100,0.0542,,
C,38,1,C38-1,RCAES,2101,,,
C,38,2,C38-2,BDIA,2102,0.1382,,
C,38,3,C38-3,ABIG,2103,,,
C,38,4,C38-4,PLAB,2104,,,
C,38,5,C38-5,BDIA,2105,,,
C,38,6,C38-6,ABIG,2106,,,
C,38,7,C38-7,RCAES,2107,,,
C,38,8,C38-8,BDIA,2108,0.0471,,
C,38,9,C38-9,PLAB,2109,,,
C,38,10,C38-10,BDIA,2110,0.1402,,
C,38,11,C38-11,BDIA,2111,0.149,,
C,38,12,C38-12,BDIA,2112,0.1664,,
C,39,1,C39-1,BDIA,2113,0.2962,,
C,39,2,C39-2,BDIA,2114,0.3499,,
C,39,3,C39-3,ABIG,2115,,,
C,39,4,C39-4,RCAES,2116,,,
C,39,5,C39-5,BDIA,2117,,,
C,39,6,C39-6,BDIA,2118,0.026,,
C,39,7,C39-7,BDIA,2119,0.3073,,
C,39,8,C39-8,RCAES,2120,,,
C,39,9,C39-9,ABIG,2121,,,
C,39,10,C39-10,PLAB,2122,,,
C,39,11,C39-11,PLAB,2123,,,
C,39,12,C39-12,BDIA,2124,,,
C,40,1,C40-1,ABIG,2125,,,
C,40,2,C40-2,PLAB,2126,,,
C,40,3,C40-3,RCAES,2127,,,
C,40,4,C40-4,RCAES,2128,,,
C,40,5,C40-5,PLAB,2129,,,
C,40,6,C40-6,RCAES,2130,,,
C,40,7,C40-7,ABIG,2131,,,
C,40,8,C40-8,PLAB,2132,,,
C,40,9,C40-9,BDIA,2133,0.0549,,
C,40,10,C40-10,BDIA,2134,0.0395,,
C,40,11,C40-11,BDIA,2135,0.0605,,
C,40,12,C40-12,ABIG,2136,,,
C,41,1,C41-1,RCAES,2137,,,
C,41,2,C41-2,BDIA,2138,0.1122,,
C,41,3,C41-3,ABIG,2139,,,
C,41,4,C41-4,PLAB,2140,,,
C,41,5,C41-5,RCAES,2141,,,
C,41,6,C41-6,ABIG,2142,,,
C,41,7,C41-7,PLAB,2143,,,
C,41,8,C41-8,RCAES,2144,,,
C,41,9,C41-9,PLAB,2145,,,
C,41,10,C41-10,ABIG,2146,,,
C,41,11,C41-11,BDIA,2147,0.241,,
C,41,12,C41-12,BDIA,2148,0.1783,,
C,42,1,C42-1,BDIA,2149,,,
C,42,2,C42-2,PLAB,2150,,,
C,42,3,C42-3,ABIG,2151,,,
C,42,4,C42-4,RCAES,2152,,,
C,42,5,C42-5,BDIA,2153,0.04256,,
C,42,6,C42-6,RCAES,2154,,,
C,42,7,C42-7,ABIG,2155,,,
C,42,8,C42-8,BDIA,2156,,,
C,42,9,C42-9,PLAB,2157,,,
C,42,10,C42-10,RCAES,2158,,,
C,42,11,C42-11,PLAB,2159,,,
C,42,12,C42-12,ABIG,2160,,,
C,43,1,C43-1,ABAR,2161,,,
C,43,2,C43-2,ABAR,2162,,,
C,43,3,C43-3,ABAR,2163,,,
C,44,1,C44-1,ABAR,2164,,,
C,44,2,C44-2,ABAR,2165,,,
C,44,3,C44-3,ABAR,2166,,,
C,45,1,C45-1,ABAR,2167,,,
C,45,2,C45-2,ABAR,2168,,,
C,45,3,C45-3,ABAR,2169,,,missing data
C,46,1,C46-1,ABAR,2170,,,
C,46,2,C46-2,ABAR,2171,,,
C,46,3,C46-3,ABAR,2172,,,
C,46,4,C46-4,ABAR,2173,,,
C,46,5,C46-5,ABAR,2174,,,
C,46,6,C46-6,ABAR,2175,,,
C,47,1,C47-1,ABAR,2176,,,
C,47,2,C47-2,ABAR,2177,,,
C,47,3,C47-3,ABAR,2178,,,
C,47,4,C47-4,ABAR,2179,,,
C,47,5,C47-5,ABAR,2180,,,
C,47,6,C47-6,ABAR,2181,,,
C,48,1,C48-1,ABAR,2182,,,
C,48,2,C48-2,ABAR,2183,,,
C,48,3,C48-3,ABAR,2184,,,
C,48,4,C48-4,ABAR,2185,,,
C,48,5,C48-5,ABAR,2186,,,
C,48,6,C48-6,ABAR,2187,,,
C,49,1,C49-1,ABAR,2188,,,
C,49,2,C49-2,ABAR,2189,,,
C,49,3,C49-3,ABAR,2190,,,
C,49,4,C49-4,ABAR,2191,,,
C,49,5,C49-5,ABAR,2192,,,
C,49,6,C49-6,ABAR,2193,,,
C,49,7,C49-7,ABAR,2194,,,
C,49,8,C49-8,ABAR,2195,,,
C,49,9,C49-9,ABAR,2196,,,
C,50,1,C50-1,ABAR,2197,,,
C,50,2,C50-2,ABAR,2198,,,
C,50,3,C50-3,ABAR,2199,,,
C,50,4,C50-4,ABAR,2200,,,
C,50,5,C50-5,ABAR,2201,,,
C,50,6,C50-6,ABAR,2202,,,
C,50,7,C50-7,ABAR,2203,,,
C,50,8,C50-8,ABAR,2204,,,
C,50,9,C50-9,ABAR,2205,,,
C,51,1,C51-1,ABAR,2206,,,
C,51,2,C51-2,ABAR,2207,,,
C,51,3,C51-3,ABAR,2208,,,
C,51,4,C51-4,ABAR,2209,,,
C,51,5,C51-5,ABAR,2210,,,
C,51,6,C51-6,ABAR,2211,,,
C,51,7,C51-7,ABAR,2212,,,
C,51,8,C51-8,ABAR,2213,,,
C,51,9,C51-9,ABAR,2214,,,
C,52,1,C52-1,ABAR,2215,,,
C,52,2,C52-2,ABAR,2216,,,
C,52,3,C52-3,ABAR,2217,,,
C,52,4,C52-4,ABAR,2218,,,
C,52,5,C52-5,ABAR,2219,,,
C,52,6,C52-6,ABAR,2220,,,
C,52,7,C52-7,ABAR,2221,,,
C,52,8,C52-8,ABAR,2222,,,
C,52,9,C52-9,ABAR,2223,,,
C,52,10,C52-10,ABAR,2224,,,
C,52,11,C52-11,ABAR,2225,,,
C,52,12,C52-12,ABAR,2226,,,
C,53,1,C53-1,ABAR,2227,,,
C,53,2,C53-2,ABAR,2228,,,
C,53,3,C53-3,ABAR,2229,,,
C,53,4,C53-4,ABAR,2230,,,
C,53,5,C53-5,ABAR,2231,,,
C,53,6,C53-6,ABAR,2232,,,
C,53,7,C53-7,ABAR,2233,,,
C,53,8,C53-8,ABAR,2234,,,
C,53,9,C53-9,ABAR,2235,,,
C,53,10,C53-10,ABAR,2236,,,
C,53,11,C53-11,ABAR,2237,,,
C,53,12,C53-12,ABAR,2238,,,
C,54,1,C54-1,ABAR,2239,,,
C,54,2,C54-2,ABAR,2240,,,
C,54,3,C54-3,ABAR,2241,,,
C,54,4,C54-4,ABAR,2242,,,
C,54,5,C54-5,ABAR,2243,,,
C,54,6,C54-6,ABAR,2244,,,
C,54,7,C54-7,ABAR,2245,,,
C,54,8,C54-8,ABAR,2246,,,
C,54,9,C54-9,ABAR,2247,,,
C,54,10,C54-10,ABAR,2248,,,
C,54,11,C54-11,ABAR,2249,,,
C,54,12,C54-12,ABAR,2250,,,
C,55,1,C55-1,PLAB,2251,,,
C,55,2,C55-2,RCAES,2252,,,
C,55,3,C55-3,ABIG,2253,,,
C,55,4,C55-4,ABAR,2254,,,
C,55,5,C55-5,ABAR,2255,,,
C,55,6,C55-6,ABAR,2256,,,
C,56,1,C56-1,PLAB,2257,,,
C,56,2,C56-2,RCAES,2258,,,
C,56,3,C56-3,ABIG,2259,,,
C,56,4,C56-4,ABAR,2260,,,
C,56,5,C56-5,ABAR,2261,,,
C,56,6,C56-6,ABAR,2262,,,
C,57,1,C57-1,ABIG,2263,,,
C,57,2,C57-2,ABAR,2264,,,
C,57,3,C57-3,ABAR,2265,,,
C,57,4,C57-4,ABAR,2266,,,
C,57,5,C57-5,PLAB,2267,,,
C,57,6,C57-6,RCAES,2268,,,
C,58,1,C58-1,ABAR,2269,,,
C,58,2,C58-2,ABAR,2270,,,
C,58,3,C58-3,ABAR,2271,,,
C,58,4,C58-4,ABAR,2272,,,
C,58,5,C58-5,ABIG,2273,,,
C,58,6,C58-6,ABAR,2274,,,
C,58,7,C58-7,ABAR,2275,,,
C,58,8,C58-8,RCAES,2276,,,
C,58,9,C58-9,PLAB,2277,,,
C,59,1,C59-1,ABAR,2278,,,
C,59,2,C59-2,RCAES,2279,,,
C,59,3,C59-3,ABIG,2280,,,
C,59,4,C59-4,PLAB,2281,,,
C,59,5,C59-5,ABAR,2282,,,
C,59,6,C59-6,ABAR,2283,,,
C,59,7,C59-7,ABAR,2284,,,
C,59,8,C59-8,ABAR,2285,,,
C,59,9,C59-9,ABAR,2286,,,
C,60,1,C60-1,ABAR,2287,,,
C,60,2,C60-2,ABAR,2288,,,
C,60,3,C60-3,RCAES,2289,,,
C,60,4,C60-4,ABAR,2290,,,
C,60,5,C60-5,ABAR,2291,,,
C,60,6,C60-6,ABAR,2292,,,
C,60,7,C60-7,ABAR,2293,,,
C,60,8,C60-8,ABIG,2294,,,
C,60,9,C60-9,PLAB,2295,,,
C,61,1,C61-1,ABAR,2296,,,
C,61,2,C61-2,RCAES,2297,,,
C,61,3,C61-3,ABAR,2298,,,
C,61,4,C61-4,ABAR,2299,,,
C,61,5,C61-5,PLAB,2300,,,
C,61,6,C61-6,ABAR,2301,,,
C,61,7,C61-7,ABAR,2302,,,
C,61,8,C61-8,ABAR,2303,,,
C,61,9,C61-9,ABAR,2304,,,
C,61,10,C61-10,ABAR,2305,,,
C,61,11,C61-11,ABIG,2306,,,
C,61,12,C61-12,ABAR,2307,,,
C,62,1,C62-1,ABIG,2308,,,
C,62,2,C62-2,ABAR,2309,,,
C,62,3,C62-3,RCAES,2310,,,
C,62,4,C62-4,ABAR,2311,,,
C,62,5,C62-5,ABAR,2312,,,
C,62,6,C62-6,ABAR,2313,,,
C,62,7,C62-7,ABAR,2314,,,
C,62,8,C62-8,ABAR,2315,,,
C,62,9,C62-9,ABAR,2316,,,
C,62,10,C62-10,ABAR,2317,,,
C,62,11,C62-11,PLAB,2318,,,
C,62,12,C62-12,ABAR,2319,,,
C,63,1,C63-1,ABIG,2320,,,
C,63,2,C63-2,PLAB,2321,,,
C,63,3,C63-3,ABAR,2322,,,
C,63,4,C63-4,ABAR,2323,,,
C,63,5,C63-5,ABAR,2324,,,
C,63,6,C63-6,ABAR,2325,,,
C,63,7,C63-7,ABAR,2326,,,
C,63,8,C63-8,RCAES,2327,,,
C,63,9,C63-9,ABAR,2328,,,
C,63,10,C63-10,ABAR,2329,,,
C,63,11,C63-11,ABAR,2330,,,
C,63,12,C63-12,ABAR,2331,,,
C,64,1,C64-1,ABAR,2332,,,
C,64,2,C64-2,ABIG,2333,,,
C,64,3,C64-3,ABAR,2334,,,
C,64,4,C64-4,ABAR,2335,,,
C,64,5,C64-5,PLAB,2336,,,
C,64,6,C64-6,PLAB,2337,,,
C,64,7,C64-7,ABIG,2338,,,
C,64,8,C64-8,RCAES,2339,,,
C,64,9,C64-9,RCAES,2340,,,
C,65,1,C65-1,ABAR,2341,,,
C,65,2,C65-2,ABAR,2342,,,
C,65,3,C65-3,ABIG,2343,,,
C,65,4,C65-4,ABAR,2344,,,
C,65,5,C65-5,PLAB,2345,,,
C,65,6,C65-6,RCAES,2346,,,
C,65,7,C65-7,PLAB,2347,,,
C,65,8,C65-8,ABIG,2348,,,
C,65,9,C65-9,RCAES,2349,,,
C,66,1,C66-1,PLAB,2350,,,
C,66,2,C66-2,PLAB,2351,,,
C,66,3,C66-3,ABIG,2352,,,
C,66,4,C66-4,RCAES,2353,,,
C,66,5,C66-5,ABIG,2354,,,
C,66,6,C66-6,ABAR,2355,,,
C,66,7,C66-7,ABAR,2356,,,
C,66,8,C66-8,ABAR,2357,,,
C,66,9,C66-9,RCAES,2358,,,
C,67,1,C67-1,ABAR,2359,,,
C,67,2,C67-2,RCAES,2360,,,
C,67,3,C67-3,ABIG,2361,,,
C,67,4,C67-4,ABAR,2362,,,
C,67,5,C67-5,PLAB,2363,,,
C,67,6,C67-6,ABIG,2364,,,
C,67,7,C67-7,ABAR,2365,,,
C,67,8,C67-8,PLAB,2366,,,
C,67,9,C67-9,RCAES,2367,,,
C,67,10,C67-10,ABAR,2368,,,
C,67,11,C67-11,ABAR,2369,,,
C,67,12,C67-12,ABAR,2370,,,
C,68,1,C68-1,ABAR,2371,,,
C,68,2,C68-2,RCAES,2372,,,
C,68,3,C68-3,ABIG,2373,,,
C,68,4,C68-4,ABIG,2374,,,
C,68,5,C68-5,PLAB,2375,,,
C,68,6,C68-6,ABAR,2376,,,
C,68,7,C68-7,ABAR,2377,,,
C,68,8,C68-8,ABAR,2378,,,
C,68,9,C68-9,ABAR,2379,,,
C,68,10,C68-10,PLAB,2380,,,
C,68,11,C68-11,RCAES,2381,,,
C,68,12,C68-12,ABAR,2382,,,
C,69,1,C69-1,RCAES,2383,,,
C,69,2,C69-2,ABIG,2384,,,
C,69,3,C69-3,RCAES,2385,,,
C,69,4,C69-4,ABIG,2386,,,
C,69,5,C69-5,ABAR,2387,,,
C,69,6,C69-6,ABAR,2388,,,
C,69,7,C69-7,ABAR,2389,,,
C,69,8,C69-8,ABAR,2390,,,
C,69,9,C69-9,PLAB,2391,,,
C,69,10,C69-10,PLAB,2392,,,
C,69,11,C69-11,ABAR,2393,,,
C,69,12,C69-12,ABAR,2394,,,
C,70,1,C70-1,PLAB,2395,,,
C,70,2,C70-2,ABAR,2396,,,
C,70,3,C70-3,ABAR,2397,,,
C,70,4,C70-4,RCAES,2398,,,
C,70,5,C70-5,ABIG,2399,,,
C,70,6,C70-6,ABIG,2400,,,
C,70,7,C70-7,RCAES,2401,,,
C,70,8,C70-8,RCAES,2402,,,
C,70,9,C70-9,PLAB,2403,,,
C,70,10,C70-10,ABAR,2404,,,
C,70,11,C70-11,PLAB,2405,,,
C,70,12,C70-12,ABIG,2406,,,
C,71,1,C71-1,PLAB,2407,,,
C,71,2,C71-2,ABAR,2408,,,
C,71,3,C71-3,ABAR,2409,,,
C,71,4,C71-4,RCAES,2410,,,
C,71,5,C71-5,RCAES,2411,,,
C,71,6,C71-6,ABIG,2412,,,
C,71,7,C71-7,ABAR,2413,,,
C,71,8,C71-8,ABIG,2414,,,
C,71,9,C71-9,ABIG,2415,,,
C,71,10,C71-10,RCAES,2416,,,
C,71,11,C71-11,PLAB,2417,,,
C,71,12,C71-12,PLAB,2418,,,
C,72,1,C72-1,PLAB,2419,,,
C,72,2,C72-2,RCAES,2420,,,
C,72,3,C72-3,ABIG,2421,,,
C,72,4,C72-4,ABIG,2422,,,
C,72,5,C72-5,ABAR,2423,,,
C,72,6,C72-6,PLAB,2424,,,
C,72,7,C72-7,ABIG,2425,,,
C,72,8,C72-8,RCAES,2426,,,
C,72,9,C72-9,RCAES,2427,,,
C,72,10,C72-10,ABAR,2428,,,
C,72,11,C72-11,ABAR,2429,,,
C,72,12,C72-12,PLAB,2430,,,
C,73,1,C73-1,ECUR,2431,,,
C,73,2,C73-2,ECUR,2432,,,
C,73,3,C73-3,ECUR,2433,,,
C,74,1,C74-1,ECUR,2434,0.0189,,
C,74,2,C74-2,ECUR,2435,0.0181,,
C,74,3,C74-3,ECUR,2436,0.0151,,
C,75,1,C75-1,ECUR,2437,0.0451,,
C,75,2,C75-2,ECUR,2438,0.0394,,
C,75,3,C75-3,ECUR,2439,0.0286,,
C,76,1,C76-1,ECUR,2440,,,
C,76,2,C76-2,ECUR,2441,,,
C,76,3,C76-3,ECUR,2442,,,
C,76,4,C76-4,ECUR,2443,,,
C,76,5,C76-5,ECUR,2444,,,
C,76,6,C76-6,ECUR,2445,,,
C,77,1,C77-1,ECUR,2446,0.0098,,
C,77,2,C77-2,ECUR,2447,,,
C,77,3,C77-3,ECUR,2448,,,
C,77,4,C77-4,ECUR,2449,0.0057,,
C,77,5,C77-5,ECUR,2450,,,
C,77,6,C77-6,ECUR,2451,0.0116,,
C,78,1,C78-1,ECUR,2452,0.0376,,
C,78,2,C78-2,ECUR,2453,0.0122,,
C,78,3,C78-3,ECUR,2454,0.0395,,
C,78,4,C78-4,ECUR,2455,0.018,,
C,78,5,C78-5,ECUR,2456,0.0139,,
C,78,6,C78-6,ECUR,2457,,,
C,79,1,C79-1,ECUR,2458,,,
C,79,2,C79-2,ECUR,2459,,,
C,79,3,C79-3,ECUR,2460,,,
C,79,4,C79-4,ECUR,2461,,,
C,79,5,C79-5,ECUR,2462,,,
C,79,6,C79-6,ECUR,2463,,,
C,79,7,C79-7,ECUR,2464,,,
C,79,8,C79-8,ECUR,2465,,,
C,79,9,C79-9,ECUR,2466,,,
C,80,1,C80-1,ECUR,2467,,,
C,80,2,C80-2,ECUR,2468,,,
C,80,3,C80-3,ECUR,2469,,,
C,80,4,C80-4,ECUR,2470,,,
C,80,5,C80-5,ECUR,2471,,,
C,80,6,C80-6,ECUR,2472,,,
C,80,7,C80-7,ECUR,2473,,,
C,80,8,C80-8,ECUR,2474,,,
C,80,9,C80-9,ECUR,2475,,,
C,81,1,C81-1,ECUR,2476,,,
C,81,2,C81-2,ECUR,2477,,,
C,81,3,C81-3,ECUR,2478,0.0127,,
C,81,4,C81-4,ECUR,2479,,,
C,81,5,C81-5,ECUR,2480,0.0251,,
C,81,6,C81-6,ECUR,2481,,,
C,81,7,C81-7,ECUR,2482,,,
C,81,8,C81-8,ECUR,2483,0.0101,,
C,81,9,C81-9,ECUR,2484,,,
C,82,1,C82-1,ECUR,2485,,,
C,82,2,C82-2,ECUR,2486,,,
C,82,3,C82-3,ECUR,2487,,,
C,82,4,C82-4,ECUR,2488,,,
C,82,5,C82-5,ECUR,2489,,,
C,82,6,C82-6,ECUR,2490,,,
C,82,7,C82-7,ECUR,2491,,,
C,82,8,C82-8,ECUR,2492,,,
C,82,9,C82-9,ECUR,2493,,,
C,82,10,C82-10,ECUR,2494,,,
C,82,11,C82-11,ECUR,2495,,,
C,82,12,C82-12,ECUR,2496,,,
C,83,1,C83-1,ECUR,2497,,,
C,83,2,C83-2,ECUR,2498,,,
C,83,3,C83-3,ECUR,2499,,,
C,83,4,C83-4,ECUR,2500,,,
C,83,5,C83-5,ECUR,2501,,,
C,83,6,C83-6,ECUR,2502,,,
C,83,7,C83-7,ECUR,2503,,,
C,83,8,C83-8,ECUR,2504,,,
C,83,9,C83-9,ECUR,2505,,,
C,83,10,C83-10,ECUR,2506,,,
C,83,11,C83-11,ECUR,2507,,,
C,83,12,C83-12,ECUR,2508,,,
C,84,1,C84-1,ECUR,2509,,,
C,84,2,C84-2,ECUR,2510,,,
C,84,3,C84-3,ECUR,2511,,,
C,84,4,C84-4,ECUR,2512,,,
C,84,5,C84-5,ECUR,2513,,,
C,84,6,C84-6,ECUR,2514,,,
C,84,7,C84-7,ECUR,2515,,,
C,84,8,C84-8,ECUR,2516,,,
C,84,9,C84-9,ECUR,2517,,,
C,84,10,C84-10,ECUR,2518,,,
C,84,11,C84-11,ECUR,2519,0.0142,,
C,84,12,C84-12,ECUR,2520,,,
C,85,1,C85-1,ECUR,2521,,,
C,85,2,C85-2,ABIG,2522,,,
C,85,3,C85-3,PLAB,2523,,,
C,85,4,C85-4,RCAES,2524,,,
C,85,5,C85-5,ECUR,2525,,,
C,85,6,C85-6,ECUR,2526,,,
C,86,1,C86-1,ABIG,2527,,,
C,86,2,C86-2,ECUR,2528,,,
C,86,3,C86-3,RCAES,2529,,,
C,86,4,C86-4,ECUR,2530,,,
C,86,5,C86-5,PLAB,2531,,,
C,86,6,C86-6,ECUR,2532,,,
C,87,1,C87-1,ECUR,2533,,,
C,87,2,C87-2,ECUR,2534,0.0245,,
C,87,3,C87-3,RCAES,2535,,,
C,87,4,C87-4,ECUR,2536,,,
C,87,5,C87-5,ABIG,2537,,,
C,87,6,C87-6,PLAB,2538,,,
C,88,1,C88-1,RCAES,2539,,,
C,88,2,C88-2,ECUR,2540,,,
C,88,3,C88-3,ECUR,2541,,,
C,88,4,C88-4,ECUR,2542,,,
C,88,5,C88-5,ECUR,2543,,,
C,88,6,C88-6,ECUR,2544,,,
C,88,7,C88-7,ECUR,2545,,,
C,88,8,C88-8,ABIG,2546,,,
C,88,9,C88-9,PLAB,2547,,,
C,89,1,C89-1,ECUR,2548,,,
C,89,2,C89-2,RCAES,2549,,,
C,89,3,C89-3,ECUR,2550,,,
C,89,4,C89-4,ECUR,2551,,,
C,89,5,C89-5,ECUR,2552,,,
C,89,6,C89-6,PLAB,2553,,,
C,89,7,C89-7,ECUR,2554,,,
C,89,8,C89-8,ECUR,2555,,,
C,89,9,C89-9,ABIG,2556,0.1004,,
C,90,1,C90-1,ECUR,2557,,,
C,90,2,C90-2,ECUR,2558,,,
C,90,3,C90-3,ECUR,2559,,,
C,90,4,C90-4,ECUR,2560,0.0161,,
C,90,5,C90-5,ECUR,2561,,,
C,90,6,C90-6,RCAES,2562,,,
C,90,7,C90-7,ECUR,2563,,,
C,90,8,C90-8,PLAB,2564,,,
C,90,9,C90-9,ABIG,2565,,,
C,91,1,C91-1,ECUR,2566,,,
C,91,2,C91-2,ECUR,2567,,,
C,91,3,C91-3,ECUR,2568,,,
C,91,4,C91-4,ECUR,2569,,,
C,91,5,C91-5,ABIG,2570,,,
C,91,6,C91-6,RCAES,2571,,,
C,91,7,C91-7,ECUR,2572,,,
C,91,8,C91-8,PLAB,2573,,,
C,91,9,C91-9,ECUR,2574,,,
C,91,10,C91-10,ECUR,2575,,,
C,91,11,C91-11,ECUR,2576,,,
C,91,12,C91-12,ECUR,2577,,,
C,92,1,C92-1,ECUR,2578,,,
C,92,2,C92-2,ECUR,2579,,,
C,92,3,C92-3,ECUR,2580,,,
C,92,4,C92-4,ECUR,2581,,,
C,92,5,C92-5,ECUR,2582,,,
C,92,6,C92-6,RCAES,2583,,,
C,92,7,C92-7,ECUR,2584,,,
C,92,8,C92-8,ECUR,2585,,,
C,92,9,C92-9,ECUR,2586,,,
C,92,10,C92-10,PLAB,2587,,,
C,92,11,C92-11,ECUR,2588,,,
C,92,12,C92-12,ABIG,2589,,,
C,93,1,C93-1,PLAB,2590,,,
C,93,2,C93-2,ECUR,2591,,,
C,93,3,C93-3,ECUR,2592,,,
C,93,4,C93-4,ECUR,2593,,,
C,93,5,C93-5,RCAES,2594,,,
C,93,6,C93-6,ECUR,2595,,,
C,93,7,C93-7,ECUR,2596,,,
C,93,8,C93-8,ECUR,2597,,,
C,93,9,C93-9,ECUR,2598,,,
C,93,10,C93-10,ECUR,2599,,,
C,93,11,C93-11,ABIG,2600,,,
C,93,12,C93-12,ECUR,2601,,,
C,94,1,C94-1,RCAES,2602,,,
C,94,2,C94-2,ECUR,2603,,,
C,94,3,C94-3,ECUR,2604,,,
C,94,4,C94-4,PLAB,2605,,,
C,94,5,C94-5,ABIG,2606,,,
C,94,6,C94-6,ABIG,2607,,,
C,94,7,C94-7,ECUR,2608,,,
C,94,8,C94-8,PLAB,2609,,,
C,94,9,C94-9,RCAES,2610,,,
C,95,1,C95-1,ABIG,2611,,,
C,95,2,C95-2,ABIG,2612,,,
C,95,3,C95-3,RCAES,2613,,,
C,95,4,C95-4,ECUR,2614,,,
C,95,5,C95-5,ECUR,2615,,,
C,95,6,C95-6,PLAB,2616,,,
C,95,7,C95-7,PLAB,2617,,,
C,95,8,C95-8,ECUR,2618,,,
C,95,9,C95-9,RCAES,2619,,,
C,96,1,C96-1,PLAB,2620,,,
C,96,2,C96-2,PLAB,2621,,,
C,96,3,C96-3,ECUR,2622,,,
C,96,4,C96-4,ABIG,2623,,,
C,96,5,C96-5,RCAES,2624,,,
C,96,6,C96-6,ECUR,2625,,,
C,96,7,C96-7,ABIG,2626,,,
C,96,8,C96-8,RCAES,2627,,,
C,96,9,C96-9,ECUR,2628,,,
C,97,1,C97-1,ECUR,2629,,,
C,97,2,C97-2,PLAB,2630,,,
C,97,3,C97-3,ECUR,2631,,,
C,97,4,C97-4,ABIG,2632,,,
C,97,5,C97-5,ECUR,2633,,,
C,97,6,C97-6,ECUR,2634,,,
C,97,7,C97-7,ECUR,2635,,,
C,97,8,C97-8,ABIG,2636,,,
C,97,9,C97-9,RCAES,2637,,,
C,97,10,C97-10,RCAES,2638,,,
C,97,11,C97-11,PLAB,2639,,,
C,97,12,C97-12,ECUR,2640,,,
C,98,1,C98-1,ECUR,2641,,,
C,98,2,C98-2,RCAES,2642,,,
C,98,3,C98-3,PLAB,2643,,,
C,98,4,C98-4,ECUR,2644,,,
C,98,5,C98-5,PLAB,2645,,,
C,98,6,C98-6,ECUR,2646,,,
C,98,7,C98-7,ABIG,2647,,,
C,98,8,C98-8,ABIG,2648,,,
C,98,9,C98-9,ECUR,2649,,,
C,98,10,C98-10,ECUR,2650,,,
C,98,11,C98-11,ECUR,2651,,,
C,98,12,C98-12,RCAES,2652,,,
C,99,1,C99-1,RCAES,2653,,,
C,99,2,C99-2,ECUR,2654,,,
C,99,3,C99-3,RCAES,2655,,,
C,99,4,C99-4,ECUR,2656,,,
C,99,5,C99-5,ABIG,2657,,,
C,99,6,C99-6,ABIG,2658,,,
C,99,7,C99-7,ECUR,2659,,,
C,99,8,C99-8,ECUR,2660,,,
C,99,9,C99-9,ECUR,2661,,,
C,99,10,C99-10,PLAB,2662,,,
C,99,11,C99-11,PLAB,2663,,,
C,99,12,C99-12,ECUR,2664,,,
C,100,1,C100-1,ABIG,2665,,,
C,100,2,C100-2,ECUR,2666,,,
C,100,3,C100-3,ECUR,2667,,,
C,100,4,C100-4,PLAB,2668,,,
C,100,5,C100-5,ABIG,2669,,,
C,100,6,C100-6,ABIG,2670,,,
C,100,7,C100-7,ECUR,2671,,,
C,100,8,C100-8,RCAES,2672,,,
C,100,9,C100-9,RCAES,2673,,,
C,100,10,C100-10,RCAES,2674,,,
C,100,11,C100-11,PLAB,2675,,,
C,100,12,C100-12,PLAB,2676,,,
C,101,1,C101-1,ECUR,2677,,,
C,101,2,C101-2,ABIG,2678,,,
C,101,3,C101-3,ECUR,2679,,,
C,101,4,C101-4,PLAB,2680,,,
C,101,5,C101-5,PLAB,2681,,,
C,101,6,C101-6,ABIG,2682,,,
C,101,7,C101-7,ABIG,2683,,,
C,101,8,C101-8,RCAES,2684,,,
C,101,9,C101-9,RCAES,2685,,,
C,101,10,C101-10,RCAES,2686,,,
C,101,11,C101-11,ECUR,2687,,,
C,101,12,C101-12,PLAB,2688,,,
C,102,1,C102-1,ABIG,2689,,,
C,102,2,C102-2,PLAB,2690,,,
C,102,3,C102-3,PLAB,2691,,,
C,102,4,C102-4,PLAB,2692,,,
C,102,5,C102-5,ABIG,2693,,,
C,102,6,C102-6,ECUR,2694,,,
C,102,7,C102-7,ECUR,2695,,,
C,102,8,C102-8,RCAES,2696,,,
C,102,9,C102-9,ECUR,2697,,,
C,102,10,C102-10,ABIG,2698,,,
C,102,11,C102-11,RCAES,2699,,,
C,102,12,C102-12,RCAES,2700,,,
D,1,1,D1-1,RCAES,2701,,,
D,1,2,D1-2,ABIG,2702,,,
D,1,3,D1-3,PLAB,2703,,,
D,2,1,D2-1,RCAES,2704,,,
D,2,2,D2-2,PLAB,2705,,,
D,2,3,D2-3,ABIG,2706,,,
D,3,1,D3-1,ABIG,2707,,,
D,3,2,D3-2,PLAB,2708,,,
D,3,3,D3-3,RCAES,2709,,,
D,4,1,D4-1,ABIG,2710,,,
D,4,2,D4-2,PLAB,2711,,,
D,4,3,D4-3,PLAB,2712,,,
D,4,4,D4-4,ABIG,2713,,,
D,4,5,D4-5,RCAES,2714,,,
D,4,6,D4-6,RCAES,2715,,,
D,5,1,D5-1,RCAES,2716,,,
D,5,2,D5-2,PLAB,2717,,,
D,5,3,D5-3,RCAES,2718,,,
D,5,4,D5-4,PLAB,2719,,,
D,5,5,D5-5,ABIG,2720,,,
D,5,6,D5-6,ABIG,2721,,,
D,6,1,D6-1,PLAB,2722,,,
D,6,2,D6-2,PLAB,2723,,,
D,6,3,D6-3,RCAES,2724,,,
D,6,4,D6-4,ABIG,2725,,,
D,6,5,D6-5,ABIG,2726,,,
D,6,6,D6-6,RCAES,2727,,,
D,7,1,D7-1,ABIG,2728,,,
D,7,2,D7-2,RCAES,2729,,,
D,7,3,D7-3,ABIG,2730,,,
D,7,4,D7-4,ABIG,2731,,,
D,7,5,D7-5,PLAB,2732,,,
D,7,6,D7-6,RCAES,2733,,,
D,7,7,D7-7,PLAB,2734,,,
D,7,8,D7-8,PLAB,2735,,,
D,7,9,D7-9,RCAES,2736,,,
D,8,1,D8-1,PLAB,2737,,,
D,8,2,D8-2,RCAES,2738,,,
D,8,3,D8-3,PLAB,2739,,,
D,8,4,D8-4,RCAES,2740,,,
D,8,5,D8-5,PLAB,2741,,,
D,8,6,D8-6,ABIG,2742,,,
D,8,7,D8-7,RCAES,2743,,,
D,8,8,D8-8,ABIG,2744,,,
D,8,9,D8-9,ABIG,2745,,,
D,9,1,D9-1,ABIG,2746,,,
D,9,2,D9-2,PLAB,2747,,,
D,9,3,D9-3,PLAB,2748,,,
D,9,4,D9-4,RCAES,2749,,,
D,9,5,D9-5,PLAB,2750,,,
D,9,6,D9-6,ABIG,2751,,,
D,9,7,D9-7,RCAES,2752,,,
D,9,8,D9-8,ABIG,2753,,,
D,9,9,D9-9,RCAES,2754,,,
D,10,1,D10-1,PLAB,2755,,,
D,10,2,D10-2,RCAES,2756,,,
D,10,3,D10-3,ABIG,2757,,,
D,10,4,D10-4,RCAES,2758,,,
D,10,5,D10-5,ABIG,2759,,,
D,10,6,D10-6,ABIG,2760,,,
D,10,7,D10-7,RCAES,2761,,,
D,10,8,D10-8,PLAB,2762,,,
D,10,9,D10-9,PLAB,2763,,,
D,10,10,D10-10,RCAES,2764,,,
D,10,11,D10-11,PLAB,2765,,,
D,10,12,D10-12,ABIG,2766,,,
D,11,1,D11-1,PLAB,2767,,,
D,11,2,D11-2,RCAES,2768,,,
D,11,3,D11-3,RCAES,2769,,,
D,11,4,D11-4,ABIG,2770,,,
D,11,5,D11-5,PLAB,2771,,,
D,11,6,D11-6,ABIG,2772,,,
D,11,7,D11-7,PLAB,2773,,,
D,11,8,D11-8,ABIG,2774,,,
D,11,9,D11-9,RCAES,2775,,,
D,11,10,D11-10,PLAB,2776,,,
D,11,11,D11-11,RCAES,2777,,,
D,11,12,D11-12,ABIG,2778,,,
D,12,1,D12-1,ABIG,2779,,,
D,12,2,D12-2,RCAES,2780,,,
D,12,3,D12-3,PLAB,2781,,,
D,12,4,D12-4,ABIG,2782,,,
D,12,5,D12-5,ABIG,2783,,,
D,12,6,D12-6,PLAB,2784,,,
D,12,7,D12-7,PLAB,2785,,,
D,12,8,D12-8,PLAB,2786,,,
D,12,9,D12-9,RCAES,2787,,,
D,12,10,D12-10,ABIG,2788,,,
D,12,11,D12-11,RCAES,2789,,,
D,12,12,D12-12,RCAES,2790,,,
D,13,1,D13-1,BDIA,2791,0.0222,,
D,13,2,D13-2,BDIA,2792,0.0156,,
D,13,3,D13-3,BDIA,2793,0.0529,,
D,14,1,D14-1,BDIA,2794,0.1562,,
D,14,2,D14-2,BDIA,2795,0.1018,,
D,14,3,D14-3,BDIA,2796,0.3753,,
D,15,1,D15-1,BDIA,2797,0.3564,,
D,15,2,D15-2,BDIA,2798,0.1363,,
D,15,3,D15-3,BDIA,2799,0.0491,,
D,16,1,D16-1,BDIA,2800,0.0408,,
D,16,2,D16-2,BDIA,2801,0.0484,,
D,16,3,D16-3,BDIA,2802,,,
D,16,4,D16-4,BDIA,2803,0.0549,,
D,16,5,D16-5,BDIA,2804,0.0415,,
D,16,6,D16-6,BDIA,2805,0.0573,,
D,17,1,D17-1,BDIA,2806,0.058,,
D,17,2,D17-2,BDIA,2807,0.1673,,
D,17,3,D17-3,BDIA,2808,0.1715,,
D,17,4,D17-4,BDIA,2809,,,
D,17,5,D17-5,BDIA,2810,0.1495,,
D,17,6,D17-6,BDIA,2811,0.2493,,
D,18,1,D18-1,BDIA,2812,0.1681,,
D,18,2,D18-2,BDIA,2813,0.2792,,
D,18,3,D18-3,BDIA,2814,0.149,,
D,18,4,D18-4,BDIA,2815,0.1913,,
D,18,5,D18-5,BDIA,2816,0.0421,,
D,18,6,D18-6,BDIA,2817,0.2106,,
D,19,1,D19-1,BDIA,2818,0.0107,,
D,19,2,D19-2,BDIA,2819,0.0104,,
D,19,3,D19-3,BDIA,2820,0.0358,,
D,19,4,D19-4,BDIA,2821,0.0188,,
D,19,5,D19-5,BDIA,2822,0.0378,,
D,19,6,D19-6,BDIA,2823,0.0283,,
D,19,7,D19-7,BDIA,2824,0.0038,,
D,19,8,D19-8,BDIA,2825,0.0172,,
D,19,9,D19-9,BDIA,2826,0.0393,,
D,20,1,D20-1,BDIA,2827,0.0912,,
D,20,2,D20-2,BDIA,2828,0.122,,
D,20,3,D20-3,BDIA,2829,0.0777,,
D,20,4,D20-4,BDIA,2830,0.1052,,
D,20,5,D20-5,BDIA,2831,0.0461,,
D,20,6,D20-6,BDIA,2832,,,
D,20,7,D20-7,BDIA,2833,0.0762,,
D,20,8,D20-8,BDIA,2834,0.0938,,
D,20,9,D20-9,BDIA,2835,0.1925,,
D,21,1,D21-1,BDIA,2836,0.1061,,
D,21,2,D21-2,BDIA,2837,0.1409,,
D,21,3,D21-3,BDIA,2838,0.1063,,
D,21,4,D21-4,BDIA,2839,0.1461,,
D,21,5,D21-5,BDIA,2840,0.0619,,
D,21,6,D21-6,BDIA,2841,0.1137,,
D,21,7,D21-7,BDIA,2842,0.1379,,
D,21,8,D21-8,BDIA,2843,0.1625,,
D,21,9,D21-9,BDIA,2844,0.2492,,
D,22,1,D22-1,BDIA,2845,0.0203,,
D,22,2,D22-2,BDIA,2846,0.0403,,
D,22,3,D22-3,BDIA,2847,0.0231,,
D,22,4,D22-4,BDIA,2848,0.0267,,
D,22,5,D22-5,BDIA,2849,0.0401,,
D,22,6,D22-6,BDIA,2850,0.0182,,
D,22,7,D22-7,BDIA,2851,0.0292,,
D,22,8,D22-8,BDIA,2852,0.0346,,
D,22,9,D22-9,BDIA,2853,0.0644,,
D,22,10,D22-10,BDIA,2854,0.029,,
D,22,11,D22-11,BDIA,2855,0.0285,,
D,22,12,D22-12,BDIA,2856,0.0305,,
D,23,1,D23-1,BDIA,2857,0.0169,,
D,23,2,D23-2,BDIA,2858,0.1256,,
D,23,3,D23-3,BDIA,2859,0.0626,,
D,23,4,D23-4,BDIA,2860,0.0463,,
D,23,5,D23-5,BDIA,2861,0.114,,
D,23,6,D23-6,BDIA,2862,0.0267,,
D,23,7,D23-7,BDIA,2863,0.0582,,
D,23,8,D23-8,BDIA,2864,0.0466,,
D,23,9,D23-9,BDIA,2865,0.0222,,
D,23,10,D23-10,BDIA,2866,0.0447,,
D,23,11,D23-11,BDIA,2867,0.1095,,
D,23,12,D23-12,BDIA,2868,0.0292,,
D,24,1,D24-1,BDIA,2869,0.112,,
D,24,2,D24-2,BDIA,2870,0.243,,
D,24,3,D24-3,BDIA,2871,0.1511,,
D,24,4,D24-4,BDIA,2872,0.1714,,
D,24,5,D24-5,BDIA,2873,0.0965,,
D,24,6,D24-6,BDIA,2874,0.1362,,
D,24,7,D24-7,BDIA,2875,0.1634,,
D,24,8,D24-8,BDIA,2876,0.1688,,
D,24,9,D24-9,BDIA,2877,0.0713,,
D,24,10,D24-10,BDIA,2878,0.155,,
D,24,11,D24-11,BDIA,2879,0.1182,,
D,24,12,D24-13,BDIA,3601,0.1653,,
D,24,13,D24-12,BDIA,2880,0.1647,,
D,25,1,D25-1,BDIA,2881,0.0614,,
D,25,2,D25-2,RCAES,2882,,,
D,25,3,D25-3,PLAB,2883,,,
D,25,4,D25-4,BDIA,2884,0.0503,,
D,25,5,D25-5,ABIG,2885,,,
D,25,6,D25-6,BDIA,2886,0.0643,,
D,26,1,D26-1,RCAES,2887,,,
D,26,2,D26-2,ABIG,2888,,,
D,26,3,D26-3,PLAB,2889,,,
D,26,4,D26-4,BDIA,2890,0.2007,,
D,26,5,D26-5,BDIA,2891,0.1756,,
D,26,6,D26-6,BDIA,2892,0.1773,,
D,27,1,D27-1,ABIG,2893,,,
D,27,2,D27-2,BDIA,2894,0.2609,,
D,27,3,D27-3,PLAB,2895,,,
D,27,4,D27-4,BDIA,2896,0.2713,,
D,27,5,D27-5,RCAES,2897,,,
D,27,6,D27-6,BDIA,2898,0.0135,,
D,28,1,D28-1,ABIG,2899,,,
D,28,2,D28-2,BDIA,2900,0.0391,,
D,28,3,D28-3,BDIA,2901,0.0165,,
D,28,4,D28-4,RCAES,2902,,,
D,28,5,D28-5,BDIA,2903,0.0321,,
D,28,6,D28-6,BDIA,2904,0.0221,,
D,28,7,D28-7,BDIA,2905,0.0274,,
D,28,8,D28-8,PLAB,2906,,,
D,28,9,D28-9,BDIA,2907,0.0571,,
D,29,1,D29-1,BDIA,2908,,,
D,29,2,D29-2,BDIA,2909,0.087,,
D,29,3,D29-3,RCAES,2910,,,
D,29,4,D29-4,ABIG,2911,,,
D,29,5,D29-5,BDIA,2912,0.0398,,
D,29,6,D29-6,BDIA,2913,0.1254,,
D,29,7,D29-7,BDIA,2914,0.0383,,
D,29,8,D29-8,PLAB,2915,,,
D,29,9,D29-9,BDIA,2916,0.2011,,
D,30,1,D30-1,BDIA,2917,,,
D,30,2,D30-2,ABIG,2918,,,
D,30,3,D30-3,BDIA,2919,0.1738,,
D,30,4,D30-4,BDIA,2920,0.1085,,
D,30,5,D30-5,PLAB,2921,,,
D,30,6,D30-6,BDIA,2922,0.1802,,
D,30,7,D30-7,BDIA,2923,0.1373,,
D,30,8,D30-8,BDIA,2924,0.1711,,
D,30,9,D30-9,RCAES,2925,,,
D,31,1,D31-1,BDIA,2926,0.0345,,
D,31,2,D31-2,PLAB,2927,,,
D,31,3,D31-3,ABIG,2928,,,
D,31,4,D31-4,BDIA,2929,0.0374,,
D,31,5,D31-5,BDIA,2930,0.0264,,
D,31,6,D31-6,BDIA,2931,0.0593,,
D,31,7,D31-7,BDIA,2932,0.0454,,
D,31,8,D31-8,BDIA,2933,,,
D,31,9,D31-9,BDIA,2934,0.0514,,
D,31,10,D31-10,RCAES,2935,,,
D,31,11,D31-11,BDIA,2936,0.0334,,
D,31,12,D31-12,BDIA,2937,,,
D,32,1,D32-1,BDIA,2938,0.12,,
D,32,2,D32-2,ABIG,2939,,,
D,32,3,D32-3,BDIA,2940,0.0878,,
D,32,4,D32-4,BDIA,2941,0.1423,,
D,32,5,D32-5,BDIA,2942,,,
D,32,6,D32-6,BDIA,2943,,,
D,32,7,D32-7,BDIA,2944,0.0957,,
D,32,8,D32-8,BDIA,2945,,,
D,32,9,D32-9,BDIA,2946,0.0745,,
D,32,10,D32-10,BDIA,2947,0.1047,,
D,32,11,D32-11,PLAB,2948,,,
D,32,12,D32-12,RCAES,2949,,,
D,33,1,D33-1,BDIA,2950,0.2074,,
D,33,2,D33-2,RCAES,2951,,,
D,33,3,D33-3,BDIA,2952,0.1524,,
D,33,4,D33-4,BDIA,2953,0.1233,,
D,33,5,D33-5,PLAB,2954,,,
D,33,6,D33-6,BDIA,2955,0.0714,,
D,33,7,D33-7,BDIA,2956,0.1323,,
D,33,8,D33-8,BDIA,2957,0.1145,,
D,33,9,D33-9,ABIG,2958,,,
D,33,10,D33-10,BDIA,2959,0.1539,,
D,33,11,D33-11,BDIA,2960,0.0705,,
D,33,12,D33-12,BDIA,2961,0.0932,,
D,34,1,D34-1,RCAES,2962,,,
D,34,2,D34-2,PLAB,2963,,,
D,34,3,D34-3,RCAES,2964,,,
D,34,4,D34-4,BDIA,2965,0.0269,,
D,34,5,D34-5,ABIG,2966,,,
D,34,6,D34-6,BDIA,2967,0.0519,,
D,34,7,D34-7,BDIA,2968,0.0804,,
D,34,8,D34-8,ABIG,2969,,,
D,34,9,D34-9,PLAB,2970,,,
D,35,1,D35-1,ABIG,2971,,,
D,35,2,D35-2,PLAB,2972,,,
D,35,3,D35-3,RCAES,2973,,,
D,35,4,D35-4,BDIA,2974,0.1755,,
D,35,5,D35-5,ABIG,2975,,,
D,35,6,D35-6,RCAES,2976,,,
D,35,7,D35-7,BDIA,2977,0.0934,,
D,35,8,D35-8,BDIA,2978,0.166,,
D,35,9,D35-9,PLAB,2979,,,
D,36,1,D36-1,RCAES,2980,,,
D,36,2,D36-2,RCAES,2981,,,
D,36,3,D36-3,BDIA,2982,0.3242,,
D,36,4,D36-4,ABIG,2983,,,
D,36,5,D36-5,BDIA,2984,0.2545,,
D,36,6,D36-6,ABIG,2985,,,
D,36,7,D36-7,PLAB,2986,,,
D,36,8,D36-8,PLAB,2987,,,
D,36,9,D36-9,BDIA,2988,0.417,,
D,37,1,D37-1,RCAES,2989,,,
D,37,2,D37-2,BDIA,2990,0.0611,,
D,37,3,D37-3,BDIA,2991,0.0392,,
D,37,4,D37-4,BDIA,2992,0.023,,
D,37,5,D37-5,BDIA,2993,0.0196,,
D,37,6,D37-6,BDIA,2994,0.0946,,
D,37,7,D37-7,BDIA,2995,0.0526,,
D,37,8,D37-8,RCAES,2996,,,
D,37,9,D37-9,PLAB,2997,,,
D,37,10,D37-10,PLAB,2998,,,
D,37,11,D37-11,ABIG,2999,,,
D,37,12,D37-12,ABIG,3000,,,
D,38,1,D38-1,PLAB,3001,,,
D,38,2,D38-2,ABIG,3002,,,
D,38,3,D38-3,RCAES,3003,,,
D,38,4,D38-4,BDIA,3004,0.0794,,
D,38,5,D38-5,BDIA,3005,0.0967,,
D,38,6,D38-6,BDIA,3006,0.0966,,
D,38,7,D38-7,BDIA,3007,0.1019,,
D,38,8,D38-8,PLAB,3008,,,
D,38,9,D38-9,ABIG,3009,,,
D,38,10,D38-10,BDIA,3010,0.0883,,
D,38,11,D38-11,RCAES,3011,,,
D,38,12,D38-12,BDIA,3012,0.1812,,
D,39,1,D39-1,PLAB,3013,,,
D,39,2,D39-2,BDIA,3014,0.3053,,
D,39,3,D39-3,RCAES,3015,,,
D,39,4,D39-4,PLAB,3016,,,
D,39,5,D39-5,ABIG,3017,,,
D,39,6,D39-6,BDIA,3018,0.0836,,
D,39,7,D39-7,BDIA,3019,0.1537,,
D,39,8,D39-8,BDIA,3020,0.1698,,
D,39,9,D39-9,BDIA,3021,0.1249,,
D,39,10,D39-10,ABIG,3022,,,
D,39,11,D39-11,RCAES,3023,,,
D,39,12,D39-12,BDIA,3024,0.1999,,
D,40,1,D40-1,PLAB,3025,,,
D,40,2,D40-2,RCAES,3026,,,
D,40,3,D40-3,RCAES,3027,,,
D,40,4,D40-4,RCAES,3028,,,
D,40,5,D40-5,ABIG,3029,,,
D,40,6,D40-6,ABIG,3030,,,
D,40,7,D40-7,BDIA,3031,0.0459,,
D,40,8,D40-8,PLAB,3032,,,
D,40,9,D40-9,PLAB,3033,,,
D,40,10,D40-10,BDIA,3034,0.0369,,
D,40,11,D40-11,BDIA,3035,0.0285,,
D,40,12,D40-12,ABIG,3036,,,
D,41,1,D41-1,PLAB,3037,,,
D,41,2,D41-2,ABIG,3038,0.0136,,
D,41,3,D41-3,PLAB,3039,,,
D,41,4,D41-4,ABIG,3040,,,
D,41,5,D41-5,BDIA,3041,0.016,,
D,41,6,D41-6,BDIA,3042,0.0933,,
D,41,7,D41-7,ABIG,3043,,,
D,41,8,D41-8,RCAES,3044,,,
D,41,9,D41-9,RCAES,3045,,,
D,41,10,D41-10,PLAB,3046,,,
D,41,11,D41-11,RCAES,3047,,,
D,41,12,D41-12,BDIA,3048,0.1525,,
D,42,1,D42-1,RCAES,3049,,,
D,42,2,D42-2,BDIA,3050,0.2648,,
D,42,3,D42-3,PLAB,3051,,,
D,42,4,D42-4,ABIG,3052,,,
D,42,5,D42-5,RCAES,3053,,,
D,42,6,D42-6,PLAB,3054,,,
D,42,7,D42-7,BDIA,3055,0.2309,,
D,42,8,D42-8,ABIG,3056,,,
D,42,9,D42-9,PLAB,3057,,,
D,42,10,D42-10,BDIA,3058,0.3208,,
D,42,11,D42-11,RCAES,3059,,,
D,42,12,D42-12,ABIG,3060,,,
D,43,1,D43-1,ABAR,3061,,,
D,43,2,D43-2,ABAR,3062,,,
D,43,3,D43-3,ABAR,3063,,,
D,44,1,D44-1,ABAR,3064,,,
D,44,2,D44-2,ABAR,3065,,,
D,44,3,D44-3,ABAR,3066,,,
D,45,1,D45-1,ABAR,3067,,,
D,45,2,D45-2,ABAR,3068,,,
D,45,3,D45-3,ABAR,3069,,,
D,46,1,D46-1,ABAR,3070,,,
D,46,2,D46-2,ABAR,3071,,,
D,46,3,D46-3,ABAR,3072,,,
D,46,4,D46-4,ABAR,3073,,,
D,46,5,D46-5,ABAR,3074,,,
D,46,6,D46-6,ABAR,3075,,,
D,47,1,D47-1,ABAR,3076,,,
D,47,2,D47-2,ABAR,3077,,,
D,47,3,D47-3,ABAR,3078,,,
D,47,4,D47-4,ABAR,3079,,,
D,47,5,D47-5,ABAR,3080,,,
D,47,6,D47-6,ABAR,3081,,,
D,48,1,D48-1,ABAR,3082,,,
D,48,2,D48-2,ABAR,3083,,,
D,48,3,D48-3,ABAR,3084,,,
D,48,4,D48-4,ABAR,3085,,,
D,48,5,D48-5,ABAR,3086,,,
D,48,6,D48-6,ABAR,3087,,,
D,49,1,D49-1,ABAR,3088,,,
D,49,2,D49-2,ABAR,3089,,,
D,49,3,D49-3,ABAR,3090,,,
D,49,4,D49-4,ABAR,3091,,,
D,49,5,D49-5,ABAR,3092,,,
D,49,6,D49-6,ABAR,3093,,,
D,49,7,D49-7,ABAR,3094,,,
D,49,8,D49-8,ABAR,3095,,,
D,49,9,D49-9,ABAR,3096,,,
D,50,1,D50-1,ABAR,3097,,,
D,50,2,D50-2,ABAR,3098,,,
D,50,3,D50-3,ABAR,3099,,,
D,50,4,D50-4,ABAR,3100,,,
D,50,5,D50-5,ABAR,3101,,,
D,50,6,D50-6,ABAR,3102,,,
D,50,7,D50-7,ABAR,3103,,,
D,50,8,D50-8,ABAR,3104,,,
D,50,9,D50-9,ABAR,3105,,,
D,51,1,D51-1,ABAR,3106,,,
D,51,2,D51-2,ABAR,3107,,,
D,51,3,D51-3,ABAR,3108,,,
D,51,4,D51-4,ABAR,3109,,,
D,51,5,D51-5,ABAR,3110,,,
D,51,6,D51-6,ABAR,3111,,,
D,51,7,D51-7,ABAR,3112,,,
D,51,8,D51-8,ABAR,3113,,,
D,51,9,D51-9,ABAR,3114,,,
D,52,1,D52-1,ABAR,3115,,,
D,52,2,D52-2,ABAR,3116,,,
D,52,3,D52-3,ABAR,3117,,,
D,52,4,D52-4,ABAR,3118,,,
D,52,5,D52-5,ABAR,3119,,,
D,52,6,D52-6,ABAR,3120,,,
D,52,7,D52-7,ABAR,3121,,,
D,52,8,D52-8,ABAR,3122,,,
D,52,9,D52-9,ABAR,3123,,,
D,52,10,D52-10,ABAR,3124,,,
D,52,11,D52-11,ABAR,3125,,,
D,52,12,D52-12,ABAR,3126,,,
D,53,1,D53-1,ABAR,3127,,,
D,53,2,D53-2,ABAR,3128,,,
D,53,3,D53-3,ABAR,3129,,,
D,53,4,D53-4,ABAR,3130,,,
D,53,5,D53-5,ABAR,3131,,,
D,53,6,D53-6,ABAR,3132,,,
D,53,7,D53-7,ABAR,3133,,,
D,53,8,D53-8,ABAR,3134,,,
D,53,9,D53-9,ABAR,3135,,,
D,53,10,D53-10,ABAR,3136,,,
D,53,11,D53-11,ABAR,3137,,,
D,53,12,D53-12,ABAR,3138,,,
D,54,1,D54-1,ABAR,3139,,,
D,54,2,D54-2,ABAR,3140,,,
D,54,3,D54-3,ABAR,3141,,,
D,54,4,D54-4,ABAR,3142,,,
D,54,5,D54-5,ABAR,3143,,,
D,54,6,D54-6,ABAR,3144,,,
D,54,7,D54-7,ABAR,3145,,,
D,54,8,D54-8,ABAR,3146,,,
D,54,9,D54-9,ABAR,3147,,,
D,54,10,D54-10,ABAR,3148,,,
D,54,11,D54-11,ABAR,3149,,,
D,54,12,D54-12,ABAR,3150,,,
D,55,1,D55-1,ABAR,3151,,,
D,55,2,D55-2,ABIG,3152,,,
D,55,3,D55-3,ABAR,3153,,,
D,55,4,D55-4,ABAR,3154,,,
D,55,5,D55-5,PLAB,3155,,,
D,55,6,D55-6,RCAES,3156,,,
D,56,1,D56-1,ABAR,3157,,,
D,56,2,D56-2,ABAR,3158,,,
D,56,3,D56-3,ABIG,3159,,,
D,56,4,D56-4,RCAES,3160,,,
D,56,5,D56-5,ABAR,3161,,,
D,56,6,D56-6,PLAB,3162,,,
D,57,1,D57-1,PLAB,3163,,,
D,57,2,D57-2,RCAES,3164,,,
D,57,3,D57-3,ABAR,3165,,,
D,57,4,D57-4,ABAR,3166,,,
D,57,5,D57-5,ABAR,3167,,,
D,57,6,D57-6,ABIG,3168,,,
D,58,1,D58-1,ABAR,3169,,,
D,58,2,D58-2,ABAR,3170,,,
D,58,3,D58-3,ABAR,3171,,,
D,58,4,D58-4,ABAR,3172,,,
D,58,5,D58-5,PLAB,3173,,,
D,58,6,D58-6,ABAR,3174,,,
D,58,7,D58-7,ABIG,3175,,,
D,58,8,D58-8,RCAES,3176,,,
D,58,9,D58-9,ABAR,3177,,,
D,59,1,D59-1,RCAES,3178,,,
D,59,2,D59-2,ABAR,3179,,,
D,59,3,D59-3,ABAR,3180,,,
D,59,4,D59-4,PLAB,3181,,,
D,59,5,D59-5,ABAR,3182,,,
D,59,6,D59-6,ABIG,3183,,,
D,59,7,D59-7,ABAR,3184,,,
D,59,8,D59-8,ABAR,3185,,,
D,59,9,D59-9,ABAR,3186,,,
D,60,1,D60-1,ABAR,3187,,,
D,60,2,D60-2,RCAES,3188,,,
D,60,3,D60-3,ABAR,3189,,,
D,60,4,D60-4,PLAB,3190,,,
D,60,5,D60-5,ABAR,3191,,,
D,60,6,D60-6,ABIG,3192,,,
D,60,7,D60-7,ABAR,3193,,,
D,60,8,D60-8,ABAR,3194,,,
D,60,9,D60-9,ABAR,3195,,,
D,61,1,D61-1,ABAR,3196,,,
D,61,2,D61-2,ABAR,3197,,,
D,61,3,D61-3,ABAR,3198,,,
D,61,4,D61-4,RCAES,3199,,,
D,61,5,D61-5,PLAB,3200,,,
D,61,6,D61-6,ABAR,3201,,,
D,61,7,D61-7,ABAR,3202,,,
D,61,8,D61-8,ABAR,3203,,,
D,61,9,D61-9,ABIG,3204,,,
D,61,10,D61-10,ABAR,3205,,,
D,61,11,D61-11,ABAR,3206,,,
D,61,12,D61-12,ABAR,3207,,,
D,62,1,D62-1,RCAES,3208,,,
D,62,2,D62-2,ABAR,3209,,,
D,62,3,D62-3,ABAR,3210,,,
D,62,4,D62-4,ABAR,3211,,,
D,62,5,D62-5,ABAR,3212,,,
D,62,6,D62-6,ABAR,3213,,,
D,62,7,D62-7,ABIG,3214,,,
D,62,8,D62-8,ABAR,3215,,,
D,62,9,D62-9,ABAR,3216,,,
D,62,10,D62-10,ABAR,3217,,,
D,62,11,D62-11,PLAB,3218,,,
D,62,12,D62-12,ABAR,3219,,,
D,63,1,D63-1,PLAB,3220,,,
D,63,2,D63-2,ABAR,3221,,,
D,63,3,D63-3,RCAES,3222,,,
D,63,4,D63-4,ABAR,3223,,,
D,63,5,D63-5,ABAR,3224,,,
D,63,6,D63-6,PLAB,3225,,,
D,63,7,D63-7,ABAR,3226,,,
D,63,8,D63-8,ABAR,3227,,,
D,63,9,D63-9,ABAR,3228,,,
D,63,10,D63-10,ABIG,3229,,,
D,63,11,D63-11,ABAR,3230,,,
D,63,12,D63-12,ABAR,3231,,,
D,64,1,D64-1,ABAR,3232,,,
D,64,2,D64-2,RCAES,3233,,,
D,64,3,D64-3,RCAES,3234,,,
D,64,4,D64-4,ABAR,3235,,,
D,64,5,D64-5,ABAR,3236,,,
D,64,6,D64-6,ABIG,3237,,,
D,64,7,D64-7,ABIG,3238,,,
D,64,8,D64-8,PLAB,3239,,,
D,64,9,D64-9,PLAB,3240,,,
D,65,1,D65-1,RCAES,3241,,,
D,65,2,D65-2,PLAB,3242,,,
D,65,3,D65-3,ABAR,3243,,,
D,65,4,D65-4,ABIG,3244,,,
D,65,5,D65-5,ABIG,3245,,,
D,65,6,D65-6,RCAES,3246,,,
D,65,7,D65-7,ABAR,3247,,,
D,65,8,D65-8,ABAR,3248,,,
D,65,9,D65-9,PLAB,3249,,,
D,66,1,D66-1,RCAES,3250,,,
D,66,2,D66-2,PLAB,3251,,,
D,66,3,D66-3,ABIG,3252,,,
D,66,4,D66-4,ABAR,3253,,,
D,66,5,D66-5,ABAR,3254,,,
D,66,6,D66-6,RCAES,3255,,,
D,66,7,D66-7,ABIG,3256,,,
D,66,8,D66-8,PLAB,3257,,,
D,66,9,D66-9,ABAR,3258,,,
D,67,1,D67-1,ABAR,3259,,,
D,67,2,D67-2,ABAR,3260,,,
D,67,3,D67-3,ABAR,3261,,,
D,67,4,D67-4,PLAB,3262,,,
D,67,5,D67-5,ABAR,3263,,,
D,67,6,D67-6,PLAB,3264,,,
D,67,7,D67-7,RCAES,3265,,,
D,67,8,D67-8,ABAR,3266,,,
D,67,9,D67-9,ABIG,3267,,,
D,67,10,D67-10,RCAES,3268,,,
D,67,11,D67-11,ABAR,3269,,,
D,67,12,D67-12,ABIG,3270,,,
D,68,1,D68-1,PLAB,3271,,,
D,68,2,D68-2,ABAR,3272,,,
D,68,3,D68-3,ABAR,3273,,,
D,68,4,D68-4,ABAR,3274,,,
D,68,5,D68-5,ABIG,3275,,,
D,68,6,D68-6,PLAB,3276,,,
D,68,7,D68-7,RCAES,3277,,,
D,68,8,D68-8,ABAR,3278,,,
D,68,9,D68-9,ABAR,3279,,,
D,68,10,D68-10,ABAR,3280,,,
D,68,11,D68-11,RCAES,3281,,,
D,68,12,D68-12,ABIG,3282,,,
D,69,1,D69-1,ABAR,3283,,,
D,69,2,D69-2,ABAR,3284,,,
D,69,3,D69-3,ABAR,3285,,,
D,69,4,D69-4,ABIG,3286,,,
D,69,5,D69-5,RCAES,3287,,,
D,69,6,D69-6,PLAB,3288,,,
D,69,7,D69-7,PLAB,3289,,,
D,69,8,D69-8,ABAR,3290,,,
D,69,9,D69-9,ABIG,3291,,,
D,69,10,D69-10,ABAR,3292,,,
D,69,11,D69-11,RCAES,3293,,,
D,69,12,D69-12,ABAR,3294,,,
D,70,1,D70-1,ABIG,3295,,,
D,70,2,D70-2,ABAR,3296,,,
D,70,3,D70-3,PLAB,3297,,,
D,70,4,D70-4,RCAES,3298,,,
D,70,5,D70-5,PLAB,3299,,,
D,70,6,D70-6,ABIG,3300,,,
D,70,7,D70-7,ABIG,3301,,,
D,70,8,D70-8,ABAR,3302,,,
D,70,9,D70-9,RCAES,3303,,,
D,70,10,D70-10,ABAR,3304,,,
D,70,11,D70-11,RCAES,3305,,,
D,70,12,D70-12,PLAB,3306,,,
D,71,1,D71-1,PLAB,3307,,,
D,71,2,D71-2,RCAES,3308,,,
D,71,3,D71-3,ABAR,3309,,,
D,71,4,D71-4,ABAR,3310,,,
D,71,5,D71-5,ABIG,3311,,,
D,71,6,D71-6,PLAB,3312,,,
D,71,7,D71-7,ABAR,3313,,,
D,71,8,D71-8,PLAB,3314,,,
D,71,9,D71-9,ABIG,3315,,,
D,71,10,D71-10,RCAES,3316,,,
D,71,11,D71-11,ABIG,3317,,,
D,71,12,D71-12,RCAES,3318,,,
D,72,1,D72-1,PLAB,3319,,,
D,72,2,D72-2,RCAES,3320,,,
D,72,3,D72-3,ABIG,3321,,,
D,72,4,D72-4,ABAR,3322,,,
D,72,5,D72-5,RCAES,3323,,,
D,72,6,D72-6,PLAB,3324,,,
D,72,7,D72-7,PLAB,3325,,,
D,72,8,D72-8,ABIG,3326,,,
D,72,9,D72-9,ABIG,3327,,,
D,72,10,D72-10,ABAR,3328,,,
D,72,11,D72-11,RCAES,3329,,,
D,72,12,D72-12,ABAR,3330,,,
D,73,1,D73-1,ECUR,3331,,,
D,73,2,D73-2,ECUR,3332,,,
D,73,3,D73-3,ECUR,3333,,,
D,74,1,D74-1,ECUR,3334,0.0144,,
D,74,2,D74-2,ECUR,3335,0.0159,,
D,74,3,D74-3,ECUR,3336,0.0131,,
D,75,1,D75-1,ECUR,3337,0.0146,,
D,75,2,D75-2,ECUR,3338,0.0332,,
D,75,3,D75-3,ECUR,3339,0.0242,,
D,76,1,D76-1,ECUR,3340,,,
D,76,2,D76-2,ECUR,3341,,,
D,76,3,D76-3,ECUR,3342,0.0164,,
D,76,4,D76-4,ECUR,3343,0.015,,
D,76,5,D76-5,ECUR,3344,0.017,,
D,76,6,D76-6,ECUR,3345,0.0083,,
D,77,1,D77-1,ECUR,3346,,,
D,77,2,D77-2,ECUR,3347,,,
D,77,3,D77-3,ECUR,3348,,,
D,77,4,D77-4,ECUR,3349,,,
D,77,5,D77-5,ECUR,3350,,,
D,77,6,D77-6,ECUR,3351,,,
D,78,1,D78-1,ECUR,3352,,,
D,78,2,D78-2,ECUR,3353,,,
D,78,3,D78-3,ECUR,3354,,,
D,78,4,D78-4,ECUR,3355,,,
D,78,5,D78-5,ECUR,3356,,,
D,78,6,D78-6,ECUR,3357,,,
D,79,1,D79-1,ECUR,3358,,,
D,79,2,D79-2,ECUR,3359,,,
D,79,3,D79-3,ECUR,3360,,,
D,79,4,D79-4,ECUR,3361,,,
D,79,5,D79-5,ECUR,3362,,,
D,79,6,D79-6,ECUR,3363,,,
D,79,7,D79-7,ECUR,3364,,,
D,79,8,D79-8,ECUR,3365,,,
D,79,9,D79-9,ECUR,3366,,,
D,80,1,D80-1,ECUR,3367,,,
D,80,2,D80-2,ECUR,3368,,,
D,80,3,D80-3,ECUR,3369,,,
D,80,4,D80-4,ECUR,3370,,,
D,80,5,D80-5,ECUR,3371,,,
D,80,6,D80-6,ECUR,3372,,,
D,80,7,D80-7,ECUR,3373,,,
D,80,8,D80-8,ECUR,3374,,,
D,80,9,D80-9,ECUR,3375,,,
D,81,1,D81-1,ECUR,3376,,,
D,81,2,D81-2,ECUR,3377,0.0109,,
D,81,3,D81-3,ECUR,3378,0.0108,,
D,81,4,D81-4,ECUR,3379,0.0187,,
D,81,5,D81-5,ECUR,3380,,,
D,81,6,D81-6,ECUR,3381,,,
D,81,7,D81-7,ECUR,3382,,,
D,81,8,D81-8,ECUR,3383,0.0131,,
D,81,9,D81-9,ECUR,3384,0.0131,,
D,82,1,D82-1,ECUR,3385,,,
D,82,2,D82-2,ECUR,3386,,,
D,82,3,D82-3,ECUR,3387,,,
D,82,4,D82-4,ECUR,3388,,,
D,82,5,D82-5,ECUR,3389,,,
D,82,6,D82-6,ECUR,3390,,,
D,82,7,D82-7,ECUR,3391,,,
D,82,8,D82-8,ECUR,3392,,,
D,82,9,D82-9,ECUR,3393,,,
D,82,10,D82-10,ECUR,3394,,,
D,82,11,D82-11,ECUR,3395,,,
D,82,12,D82-12,ECUR,3396,,,
D,83,1,D83-1,ECUR,3397,,,
D,83,2,D83-2,ECUR,3398,,,
D,83,3,D83-3,ECUR,3399,,,
D,83,4,D83-4,ECUR,3400,,,
D,83,5,D83-5,ECUR,3401,,,
D,83,6,D83-6,ECUR,3402,,,
D,83,7,D83-7,ECUR,3403,,,
D,83,8,D83-8,ECUR,3404,,,
D,83,9,D83-9,ECUR,3405,,,
D,83,10,D83-10,ECUR,3406,,,
D,83,11,D83-11,ECUR,3407,,,
D,83,12,D83-12,ECUR,3408,,,
D,84,1,D84-1,ECUR,3409,,,
D,84,2,D84-2,ECUR,3410,,,
D,84,3,D84-3,ECUR,3411,0.0103,,
D,84,4,D84-4,ECUR,3412,,,
D,84,5,D84-5,ECUR,3413,,,
D,84,6,D84-6,ECUR,3414,,,
D,84,7,D84-7,ECUR,3415,,,
D,84,8,D84-8,ECUR,3416,,,
D,84,9,D84-9,ECUR,3417,0.006,,
D,84,10,D84-10,ECUR,3418,,,
D,84,11,D84-11,ECUR,3419,,,
D,84,12,D84-12,ECUR,3420,,,
D,85,1,D85-1,ECUR,3421,,,
D,85,2,D85-2,ABIG,3422,,,
D,85,3,D85-3,ECUR,3423,,,
D,85,4,D85-4,PLAB,3424,,,
D,85,5,D85-5,ECUR,3425,,,
D,85,6,D85-6,RCAES,3426,,,
D,86,1,D86-1,ECUR,3427,,,
D,86,2,D86-2,ECUR,3428,,,
D,86,3,D86-3,ABIG,3429,,,
D,86,4,D86-4,ECUR,3430,,,
D,86,5,D86-5,PLAB,3431,,,
D,86,6,D86-6,RCAES,3432,,,
D,87,1,D87-1,PLAB,3433,,,
D,87,2,D87-2,ECUR,3434,,,
D,87,3,D87-3,ECUR,3435,0.0134,,
D,87,4,D87-4,RCAES,3436,,,
D,87,5,D87-5,ECUR,3437,0.0173,,
D,87,6,D87-6,ABIG,3438,,,
D,88,1,D88-1,ECUR,3439,,,
D,88,2,D88-2,ECUR,3440,,,
D,88,3,D88-3,ECUR,3441,,,
D,88,4,D88-4,ECUR,3442,,,
D,88,5,D88-5,ABIG,3443,,,
D,88,6,D88-6,ECUR,3444,,,
D,88,7,D88-7,RCAES,3445,,,
D,88,8,D88-8,PLAB,3446,,,
D,88,9,D88-9,ECUR,3447,,,
D,89,1,D89-1,ECUR,3448,,,
D,89,2,D89-2,ECUR,3449,,,
D,89,3,D89-3,ECUR,3450,,,
D,89,4,D89-4,ECUR,3451,,,
D,89,5,D89-5,ECUR,3452,,,
D,89,6,D89-10,ABIG,3602,,,
D,89,7,D89-6,ABIG,3453,,,
D,89,8,D89-7,RCAES,3454,,,
D,89,9,D89-8,PLAB,3455,,,
D,89,10,D89-9,ECUR,3456,,,
D,90,1,D90-1,PLAB,3457,,,
D,90,2,D90-2,ABIG,3458,,,
D,90,3,D90-3,ECUR,3459,,,
D,90,4,D90-4,RCAES,3460,,,
D,90,5,D90-5,ECUR,3461,,,
D,90,6,D90-6,ECUR,3462,0.02,,
D,90,7,D90-7,ECUR,3463,,,
D,90,8,D90-8,ECUR,3464,,,
D,90,9,D90-9,ECUR,3465,,,
D,91,1,D91-1,ECUR,3466,,,
D,91,2,D91-2,PLAB,3467,,,
D,91,3,D91-3,ECUR,3468,,,
D,91,4,D91-4,ECUR,3469,,,
D,91,5,D91-5,RCAES,3470,,,
D,91,6,D91-6,ECUR,3471,,,
D,91,7,D91-7,ECUR,3472,,,
D,91,8,D91-8,ECUR,3473,,,
D,91,9,D91-9,ECUR,3474,,,
D,91,10,D91-10,ECUR,3475,,,
D,91,11,D91-11,ECUR,3476,,,
D,91,12,D91-12,ABIG,3477,,,
D,92,1,D92-1,ECUR,3478,,,
D,92,2,D92-2,ECUR,3479,,,
D,92,3,D92-3,RCAES,3480,,,
D,92,4,D92-4,ECUR,3481,,,
D,92,5,D92-5,ECUR,3482,,,
D,92,6,D92-6,ECUR,3483,,,
D,92,7,D92-7,ECUR,3484,,,
D,92,8,D92-8,ABIG,3485,,,
D,92,9,D92-9,ECUR,3486,,,
D,92,10,D92-10,PLAB,3487,,,
D,92,11,D92-11,ECUR,3488,,,
D,92,12,D92-12,ECUR,3489,,,
D,93,1,D93-1,ECUR,3490,,,
D,93,2,D93-2,ECUR,3491,,,
D,93,3,D93-3,ECUR,3492,,,
D,93,4,D93-4,ECUR,3493,,,
D,93,5,D93-5,ECUR,3494,,,
D,93,6,D93-6,ECUR,3495,,,
D,93,7,D93-7,ECUR,3496,,,
D,93,8,D93-8,ABIG,3497,,,
D,93,9,D93-9,RCAES,3498,,,
D,93,10,D93-10,ECUR,3499,,,
D,93,11,D93-11,PLAB,3500,,,
D,93,12,D93-12,ECUR,3501,,,
D,94,1,D94-1,ECUR,3502,,,
D,94,2,D94-2,PLAB,3503,,,
D,94,3,D94-3,ECUR,3504,,,
D,94,4,D94-4,ABIG,3505,,,
D,94,5,D94-5,RCAES,3506,,,
D,94,6,D94-6,PLAB,3507,,,
D,94,7,D94-7,ABIG,3508,,,
D,94,8,D94-8,ECUR,3509,,,
D,94,9,D94-9,RCAES,3510,,,
D,95,1,D95-1,ECUR,3511,,,
D,95,2,D95-2,RCAES,3512,,,
D,95,3,D95-3,ECUR,3513,,,
D,95,4,D95-4,RCAES,3514,,,
D,95,5,D95-5,PLAB,3515,,,
D,95,6,D95-6,ECUR,3516,,,
D,95,7,D95-7,ABIG,3517,,,
D,95,8,D95-8,PLAB,3518,,,
D,95,9,D95-9,ABIG,3519,,,
D,96,1,D96-1,ABIG,3520,,,
D,96,2,D96-2,ECUR,3521,,,
D,96,3,D96-3,RCAES,3522,,,
D,96,4,D96-4,RCAES,3523,,,
D,96,5,D96-5,PLAB,3524,,,
D,96,6,D96-6,ECUR,3525,,,
D,96,7,D96-7,PLAB,3526,,,
D,96,8,D96-8,ABIG,3527,,,
D,96,9,D96-9,ECUR,3528,,,
D,97,1,D97-1,RCAES,3529,,,
D,97,2,D97-2,PLAB,3530,,,
D,97,3,D97-3,ECUR,3531,,,
D,97,4,D97-4,ECUR,3532,,,
D,97,5,D97-5,ECUR,3533,,,
D,97,6,D97-6,RCAES,3534,,,
D,97,7,D97-7,ECUR,3535,,,
D,97,8,D97-8,ABIG,3536,,,
D,97,9,D97-9,ABIG,3537,,,
D,97,10,D97-10,ECUR,3538,,,
D,97,11,D97-11,PLAB,3539,,,
D,97,12,D97-12,ECUR,3540,,,
D,98,1,D98-1,PLAB,3541,,,
D,98,2,D98-2,RCAES,3542,,,
D,98,3,D98-3,ECUR,3543,,,
D,98,4,D98-4,ECUR,3544,,,
D,98,5,D98-5,ECUR,3545,,,
D,98,6,D98-6,ECUR,3546,,,
D,98,7,D98-7,ECUR,3547,,,
D,98,8,D98-8,ABIG,3548,,,
D,98,9,D98-9,ABIG,3549,,,
D,98,10,D98-10,PLAB,3550,,,
D,98,11,D98-11,ECUR,3551,,,
D,98,12,D98-12,RCAES,3552,,,
D,99,1,D99-1,ECUR,3553,,,
D,99,2,D99-2,ECUR,3554,,,
D,99,3,D99-3,RCAES,3555,,,
D,99,4,D99-4,ECUR,3556,,,
D,99,5,D99-5,PLAB,3557,,,
D,99,6,D99-6,ECUR,3558,,,
D,99,7,D99-7,ABIG,3559,,,
D,99,8,D99-8,ECUR,3560,,,
D,99,9,D99-9,PLAB,3561,,,
D,99,10,D99-10,ECUR,3562,,,
D,99,11,D99-11,RCAES,3563,,,
D,99,12,D99-12,ABIG,3564,,,
D,100,1,D100-1,PLAB,3565,,,
D,100,2,D100-2,ECUR,3566,,,
D,100,3,D100-3,ECUR,3567,,,
D,100,4,D100-4,PLAB,3568,,,
D,100,5,D100-5,RCAES,3569,,,
D,100,6,D100-6,ABIG,3570,,,
D,100,7,D100-7,ABIG,3571,,,
D,100,8,D100-8,PLAB,3572,,,
D,100,9,D100-9,RCAES,3573,,,
D,100,10,D100-10,RCAES,3574,,,
D,100,11,D100-11,ABIG,3575,,,
D,100,12,D100-12,ECUR,3576,,,
D,101,1,D101-1,ECUR,3577,,,
D,101,2,D101-2,RCAES,3578,,,
D,101,3,D101-3,ABIG,3579,,,
D,101,4,D101-4,ECUR,3580,,,
D,101,5,D101-5,ABIG,3581,,,
D,101,6,D101-6,PLAB,3582,,,
D,101,7,D101-7,PLAB,3583,,,
D,101,8,D101-8,RCAES,3584,,,
D,101,9,D101-9,ABIG,3585,,,
D,101,10,D101-10,RCAES,3586,,,
D,101,11,D101-11,ECUR,3587,,,
D,101,12,D101-12,PLAB,3588,,,
D,102,1,D102-1,RCAES,3589,,,
D,102,2,D102-2,ABIG,3590,,,
D,102,3,D102-3,RCAES,3591,,,
D,102,4,D102-4,RCAES,3592,,,
D,102,5,D102-5,ECUR,3593,,,
D,102,6,D102-6,ECUR,3594,,,
D,102,7,D102-7,ECUR,3595,,,
D,102,8,D102-8,ABIG,3596,,,
D,102,9,D102-9,PLAB,3597,,,
D,102,10,D102-10,PLAB,3598,,,
D,102,11,D102-11,PLAB,3599,,,
D,102,12,D102-12,ABIG,3600,,,
